segment_id,year,latitude,longitude,shoreline_change_m,wave_height_m,wind_speed_ms,elevation_m,distance_to_road_m,change_rate_m_year,class,data_type
S001,2020,-8.575600311302674,122.01568074793069,7.033953946418253,0.7171376839711572,3.9373845917652175,4.625676793709686,381.67906029477,3.5169769732091267,Akresi,SINTETIS - PURWARUPA
S001,2022,-8.575600311302674,122.01568074793069,3.8192906771242905,1.289315092679746,5.479838610994854,4.625676793709686,381.67906029477,1.9096453385621448,Akresi,SINTETIS - PURWARUPA
S001,2024,-8.575600311302674,122.01568074793069,5.007716420460999,1.70778929120199,6.4333503225147375,4.625676793709686,381.67906029477,2.5038582102305,Akresi,SINTETIS - PURWARUPA
S001,2026,-8.575600311302674,122.01568074793069,3.8337834111666087,1.7945344224388111,6.061011210702455,4.625676793709686,381.67906029477,1.9168917055833044,Akresi,SINTETIS - PURWARUPA
S002,2020,-8.575418390291544,122.01590318097584,7.280450864241192,1.3352981727591586,4.68288454671527,4.817675451960909,243.0103724619246,3.640225432120596,Akresi,SINTETIS - PURWARUPA
S002,2022,-8.575418390291544,122.01590318097584,4.671339837169749,1.345914681275919,4.986006613404271,4.817675451960909,243.0103724619246,2.3356699185848746,Akresi,SINTETIS - PURWARUPA
S002,2024,-8.575418390291544,122.01590318097584,5.943569568544449,1.586308214943672,5.938532877236894,4.817675451960909,243.0103724619246,2.9717847842722245,Akresi,SINTETIS - PURWARUPA
S002,2026,-8.575418390291544,122.01590318097584,4.124270303429803,1.5507873510527588,8.069977121044554,4.817675451960909,243.0103724619246,2.0621351517149016,Akresi,SINTETIS - PURWARUPA
S003,2020,-8.575264820096939,122.01612753427204,3.2480367066764293,1.3601183898207936,4.491812227644966,4.423969133863244,408.0561209809248,1.6240183533382146,Akresi,SINTETIS - PURWARUPA
S003,2022,-8.575264820096939,122.01612753427204,5.2395699356404,1.6277074757386454,6.391905005444131,4.423969133863244,408.0561209809248,2.6197849678202,Akresi,SINTETIS - PURWARUPA
S003,2024,-8.575264820096939,122.01612753427204,6.376022076542611,1.167071602448957,5.778593587680064,4.423969133863244,408.0561209809248,3.1880110382713056,Akresi,SINTETIS - PURWARUPA
S003,2026,-8.575264820096939,122.01612753427204,6.263804436080891,1.4765410088551545,6.545714533537828,4.423969133863244,408.0561209809248,3.131902218040445,Akresi,SINTETIS - PURWARUPA
S004,2020,-8.575049085408175,122.01637397482597,3.646295092861761,0.8899954630505167,5.116394540371238,3.933679098034976,338.38035161739566,1.8231475464308804,Akresi,SINTETIS - PURWARUPA
S004,2022,-8.575049085408175,122.01637397482597,7.622803344604121,1.1763927531148302,5.169829298527979,3.933679098034976,338.38035161739566,3.81140167230206,Akresi,SINTETIS - PURWARUPA
S004,2024,-8.575049085408175,122.01637397482597,1.4704880676983336,1.0969591095073647,6.661934025509777,3.933679098034976,338.38035161739566,0.7352440338491668,Akresi,SINTETIS - PURWARUPA
S004,2026,-8.575049085408175,122.01637397482597,6.734827443976444,1.2827902395049788,5.695303678126007,3.933679098034976,338.38035161739566,3.367413721988222,Akresi,SINTETIS - PURWARUPA
S005,2020,-8.574868116017674,122.01661574787093,-1.959566917096188,1.7002915584400038,5.270434810142062,2.9769123916273434,185.2707490269606,-0.979783458548094,Abrasi,SINTETIS - PURWARUPA
S005,2022,-8.574868116017674,122.01661574787093,4.21259970004267,1.0033494750987817,4.396657256798067,2.9769123916273434,185.2707490269606,2.106299850021335,Akresi,SINTETIS - PURWARUPA
S005,2024,-8.574868116017674,122.01661574787093,1.2121076220675937,1.4498490076246977,6.328582424881322,2.9769123916273434,185.2707490269606,0.6060538110337967,Akresi,SINTETIS - PURWARUPA
S005,2026,-8.574868116017674,122.01661574787093,2.1705553683996834,1.4554888918768498,6.250708472760804,2.9769123916273434,185.2707490269606,1.0852776841998415,Akresi,SINTETIS - PURWARUPA
S006,2020,-8.574695749557941,122.01679208967565,0.8789242546786626,0.981456124043836,6.0843669769426985,2.9554192301523923,196.55669484023397,0.4394621273393313,Stabil,SINTETIS - PURWARUPA
S006,2022,-8.574695749557941,122.01679208967565,2.4837362324351413,1.4043729415546906,6.076895990687091,2.9554192301523923,196.55669484023397,1.2418681162175709,Akresi,SINTETIS - PURWARUPA
S006,2024,-8.574695749557941,122.01679208967565,1.2541365512424996,1.632884788140475,5.381817418588692,2.9554192301523923,196.55669484023397,0.6270682756212498,Akresi,SINTETIS - PURWARUPA
S006,2026,-8.574695749557941,122.01679208967565,1.338216219493852,1.3720986261827604,3.475198679250364,2.9554192301523923,196.55669484023397,0.669108109746926,Akresi,SINTETIS - PURWARUPA
S007,2020,-8.574569133803438,122.01700203004904,1.5744638168176175,1.2676431060862134,7.059073957343278,4.099661340085155,123.23293224959149,0.7872319084088089,Akresi,SINTETIS - PURWARUPA
S007,2022,-8.574569133803438,122.01700203004904,2.922781316885031,1.65813044896348,4.379658783988147,4.099661340085155,123.23293224959149,1.4613906584425156,Akresi,SINTETIS - PURWARUPA
S007,2024,-8.574569133803438,122.01700203004904,6.692600991316858,1.0674922807812963,5.093160308919325,4.099661340085155,123.23293224959149,3.346300495658429,Akresi,SINTETIS - PURWARUPA
S007,2026,-8.574569133803438,122.01700203004904,6.368309036142516,0.7954378518826779,6.021308372255029,4.099661340085155,123.23293224959149,3.184154518071258,Akresi,SINTETIS - PURWARUPA
S008,2020,-8.574367277313739,122.01720856571825,5.134191842753608,1.4814366739741462,5.526222574628132,3.608194261570804,175.87102073106766,2.567095921376804,Akresi,SINTETIS - PURWARUPA
S008,2022,-8.574367277313739,122.01720856571825,3.9171386505202257,1.3162255303844417,4.271803008853762,3.608194261570804,175.87102073106766,1.9585693252601128,Akresi,SINTETIS - PURWARUPA
S008,2024,-8.574367277313739,122.01720856571825,4.28845865597862,1.4769988393901177,7.131025090288524,3.608194261570804,175.87102073106766,2.14422932798931,Akresi,SINTETIS - PURWARUPA
S008,2026,-8.574367277313739,122.01720856571825,0.7790945159881706,1.5249048707023285,7.255963469463474,3.608194261570804,175.87102073106766,0.3895472579940853,Stabil,SINTETIS - PURWARUPA
S009,2020,-8.57418864536105,122.01744415017565,-2.7721663318244447,1.6223028313850414,5.233332763481472,2.915285295266348,57.26393934211677,-1.3860831659122224,Abrasi,SINTETIS - PURWARUPA
S009,2022,-8.57418864536105,122.01744415017565,3.527463780490089,1.0445473215773604,5.876216616940234,2.915285295266348,57.26393934211677,1.7637318902450445,Akresi,SINTETIS - PURWARUPA
S009,2024,-8.57418864536105,122.01744415017565,-0.3436374219000152,2.098855812092125,8.996634959208794,2.915285295266348,57.26393934211677,-0.1718187109500076,Stabil,SINTETIS - PURWARUPA
S009,2026,-8.57418864536105,122.01744415017565,5.087184498501738,1.0536616579888474,2.941544463122429,2.915285295266348,57.26393934211677,2.543592249250869,Akresi,SINTETIS - PURWARUPA
S010,2020,-8.574013841047925,122.01767948673609,-0.525755892341063,1.773093080775675,5.688458280934413,2.581854801410288,230.28927590170605,-0.2628779461705315,Stabil,SINTETIS - PURWARUPA
S010,2022,-8.574013841047925,122.01767948673609,2.12629114753285,1.037521186510966,3.490380466354772,2.581854801410288,230.28927590170605,1.063145573766425,Akresi,SINTETIS - PURWARUPA
S010,2024,-8.574013841047925,122.01767948673609,1.4444042396060264,1.3811761072135875,7.621515896295859,2.581854801410288,230.28927590170605,0.7222021198030132,Akresi,SINTETIS - PURWARUPA
S010,2026,-8.574013841047925,122.01767948673609,-0.0598525472473774,1.74395882885807,4.900845281753018,2.581854801410288,230.28927590170605,-0.0299262736236887,Stabil,SINTETIS - PURWARUPA
S011,2020,-8.573838406317934,122.01789019067196,8.598440832517237,1.6934712213077203,4.416487386295568,6.692704598652747,135.00586490858595,4.299220416258619,Akresi,SINTETIS - PURWARUPA
S011,2022,-8.573838406317934,122.01789019067196,7.299997986041727,1.534732838137052,5.312034522810292,6.692704598652747,135.00586490858595,3.649998993020864,Akresi,SINTETIS - PURWARUPA
S011,2024,-8.573838406317934,122.01789019067196,7.646691393477488,1.1708243065997133,6.035286641778496,6.692704598652747,135.00586490858595,3.823345696738744,Akresi,SINTETIS - PURWARUPA
S011,2026,-8.573838406317934,122.01789019067196,10.972329381156356,0.971037982681463,3.9664749108164568,6.692704598652747,135.00586490858595,5.486164690578177,Akresi,SINTETIS - PURWARUPA
S012,2020,-8.573582080077376,122.01813674720228,0.1743883019954946,1.8571006095973883,5.763259001636627,3.322042510835176,290.015659544356,0.0871941509977473,Stabil,SINTETIS - PURWARUPA
S012,2022,-8.573582080077376,122.01813674720228,4.808471855990304,1.787201048520961,6.014507726153936,3.322042510835176,290.015659544356,2.404235927995152,Akresi,SINTETIS - PURWARUPA
S012,2024,-8.573582080077376,122.01813674720228,1.304135017490578,1.4641320530276671,4.0306371619354,3.322042510835176,290.015659544356,0.652067508745289,Akresi,SINTETIS - PURWARUPA
S012,2026,-8.573582080077376,122.01813674720228,1.6592982319074614,1.9778247762809371,7.568398864939956,3.322042510835176,290.015659544356,0.8296491159537307,Akresi,SINTETIS - PURWARUPA
S013,2020,-8.573460948434702,122.01839579078265,-1.2054753665261615,1.625164378141165,5.026473852568492,1.839431476934768,124.7382173461843,-0.6027376832630807,Abrasi,SINTETIS - PURWARUPA
S013,2022,-8.573460948434702,122.01839579078265,2.5455677306202507,1.3427949855164203,5.90508945855872,1.839431476934768,124.7382173461843,1.272783865310125,Akresi,SINTETIS - PURWARUPA
S013,2024,-8.573460948434702,122.01839579078265,-4.030778296265526,1.4317047174156108,6.272726551932229,1.839431476934768,124.7382173461843,-2.015389148132763,Abrasi,SINTETIS - PURWARUPA
S013,2026,-8.573460948434702,122.01839579078265,-0.7577253729225486,1.3829485593244586,4.488123675648555,1.839431476934768,124.7382173461843,-0.3788626864612743,Stabil,SINTETIS - PURWARUPA
S014,2020,-8.573295797386075,122.01856192375064,3.2829052356987827,1.410721022408046,4.918996679999706,4.873853813534019,64.30501951646104,1.6414526178493911,Akresi,SINTETIS - PURWARUPA
S014,2022,-8.573295797386075,122.01856192375064,6.012476533139095,1.7509652388566113,6.145738524404711,4.873853813534019,64.30501951646104,3.0062382665695475,Akresi,SINTETIS - PURWARUPA
S014,2024,-8.573295797386075,122.01856192375064,5.147446929283878,1.3459230122625347,4.664868865995157,4.873853813534019,64.30501951646104,2.573723464641939,Akresi,SINTETIS - PURWARUPA
S014,2026,-8.573295797386075,122.01856192375064,3.349537892409696,1.4848738769449277,5.711888030144453,4.873853813534019,64.30501951646104,1.674768946204848,Akresi,SINTETIS - PURWARUPA
S015,2020,-8.573086738121617,122.01879879430378,7.223271063891984,1.101364827304413,5.155139966140989,7.27621105630088,512.7582455794338,3.611635531945992,Akresi,SINTETIS - PURWARUPA
S015,2022,-8.573086738121617,122.01879879430378,12.734095612988712,1.1932525451127796,5.878726004308408,7.27621105630088,512.7582455794338,6.367047806494356,Akresi,SINTETIS - PURWARUPA
S015,2024,-8.573086738121617,122.01879879430378,7.358026245621025,1.144820656789737,4.715024271918644,7.27621105630088,512.7582455794338,3.679013122810512,Akresi,SINTETIS - PURWARUPA
S015,2026,-8.573086738121617,122.01879879430378,11.07804835889074,1.3430669278092822,4.225102705768524,7.27621105630088,512.7582455794338,5.53902417944537,Akresi,SINTETIS - PURWARUPA
S016,2020,-8.572935758638412,122.01900911957725,-5.932976715957963,2.1452364892099043,3.955092902471163,0.8634074129650529,44.61366564526131,-2.9664883579789816,Abrasi,SINTETIS - PURWARUPA
S016,2022,-8.572935758638412,122.01900911957725,-7.421386422522787,2.04291973491246,8.986080603088489,0.8634074129650529,44.61366564526131,-3.710693211261393,Abrasi,SINTETIS - PURWARUPA
S016,2024,-8.572935758638412,122.01900911957725,2.161413511355222,1.2711128651241892,5.909866661128612,0.8634074129650529,44.61366564526131,1.080706755677611,Akresi,SINTETIS - PURWARUPA
S016,2026,-8.572935758638412,122.01900911957725,1.7519116626470987,1.0546000225501169,5.205666584869468,0.8634074129650529,44.61366564526131,0.8759558313235494,Akresi,SINTETIS - PURWARUPA
S017,2020,-8.572716409832834,122.01922066277174,1.945466039192152,1.3166391896088672,5.1803350119892535,3.299265553225938,57.51458682820254,0.9727330195960758,Akresi,SINTETIS - PURWARUPA
S017,2022,-8.572716409832834,122.01922066277174,4.052286024430236,1.2056354734133443,6.065846227054167,3.299265553225938,57.51458682820254,2.026143012215118,Akresi,SINTETIS - PURWARUPA
S017,2024,-8.572716409832834,122.01922066277174,2.350564884789758,1.454400264683963,5.922107690079044,3.299265553225938,57.51458682820254,1.175282442394879,Akresi,SINTETIS - PURWARUPA
S017,2026,-8.572716409832834,122.01922066277174,4.276448111253676,1.4000295375819949,4.634130359748583,3.299265553225938,57.51458682820254,2.138224055626838,Akresi,SINTETIS - PURWARUPA
S018,2020,-8.57255237141302,122.01951474250315,9.807667987885967,1.1329299766068313,4.165106233619898,5.860032353712864,304.0185173579101,4.9038339939429845,Akresi,SINTETIS - PURWARUPA
S018,2022,-8.57255237141302,122.01951474250315,2.9863595202290703,1.4919622288014984,6.076172084069933,5.860032353712864,304.0185173579101,1.4931797601145351,Akresi,SINTETIS - PURWARUPA
S018,2024,-8.57255237141302,122.01951474250315,4.456749853107709,1.724603468545363,6.045304405857236,5.860032353712864,304.0185173579101,2.2283749265538546,Akresi,SINTETIS - PURWARUPA
S018,2026,-8.57255237141302,122.01951474250315,8.662726243468647,1.2349663173925178,5.816460645227823,5.860032353712864,304.0185173579101,4.331363121734324,Akresi,SINTETIS - PURWARUPA
S019,2020,-8.572378217950641,122.01966884280584,1.5049355089596583,1.9150221905476048,2.420009870882443,3.122033932689672,271.3587516943456,0.7524677544798292,Akresi,SINTETIS - PURWARUPA
S019,2022,-8.572378217950641,122.01966884280584,1.38610881755046,1.4617793474803564,5.855192787624519,3.122033932689672,271.3587516943456,0.69305440877523,Akresi,SINTETIS - PURWARUPA
S019,2024,-8.572378217950641,122.01966884280584,7.755947938712116,0.7851473761324961,5.893594580456932,3.122033932689672,271.3587516943456,3.877973969356058,Akresi,SINTETIS - PURWARUPA
S019,2026,-8.572378217950641,122.01966884280584,3.883245007223473,0.8631485082793517,6.536593616437826,3.122033932689672,271.3587516943456,1.9416225036117365,Akresi,SINTETIS - PURWARUPA
S020,2020,-8.572191292545442,122.01986036049857,3.1410611340807963,1.603929334695697,7.578773926491933,2.998315741466185,432.0062432578542,1.5705305670403982,Akresi,SINTETIS - PURWARUPA
S020,2022,-8.572191292545442,122.01986036049857,2.468495089947529,1.5536803376253516,7.59272143140135,2.998315741466185,432.0062432578542,1.2342475449737644,Akresi,SINTETIS - PURWARUPA
S020,2024,-8.572191292545442,122.01986036049857,3.2260192098707305,1.6897958618789706,5.14411485575835,2.998315741466185,432.0062432578542,1.6130096049353653,Akresi,SINTETIS - PURWARUPA
S020,2026,-8.572191292545442,122.01986036049857,1.9163639324075747,1.155901661844903,6.687500721513824,2.998315741466185,432.0062432578542,0.9581819662037874,Akresi,SINTETIS - PURWARUPA
S021,2020,-8.571985982304794,122.02010622792217,0.5358832721016853,2.0372261551763806,6.376929629366374,5.25687064020098,355.1216584223764,0.2679416360508426,Stabil,SINTETIS - PURWARUPA
S021,2022,-8.571985982304794,122.02010622792217,5.824357800411337,1.3765663894856297,4.093591368886221,5.25687064020098,355.1216584223764,2.9121789002056686,Akresi,SINTETIS - PURWARUPA
S021,2024,-8.571985982304794,122.02010622792217,3.970704649345748,1.9289299516468523,6.265040573077235,5.25687064020098,355.1216584223764,1.985352324672874,Akresi,SINTETIS - PURWARUPA
S021,2026,-8.571985982304794,122.02010622792217,5.906219401254742,1.0451989217458604,5.539338511451513,5.25687064020098,355.1216584223764,2.953109700627371,Akresi,SINTETIS - PURWARUPA
S022,2020,-8.571849587023388,122.02034130773804,7.10265734551111,0.5980486719906649,5.865240074836311,5.232968054160044,335.2266061114216,3.551328672755555,Akresi,SINTETIS - PURWARUPA
S022,2022,-8.571849587023388,122.02034130773804,0.7407300096636451,1.5448615998804425,7.439451617981449,5.232968054160044,335.2266061114216,0.3703650048318225,Stabil,SINTETIS - PURWARUPA
S022,2024,-8.571849587023388,122.02034130773804,3.7315267352826114,1.193113801183113,6.209087587352026,5.232968054160044,335.2266061114216,1.8657633676413057,Akresi,SINTETIS - PURWARUPA
S022,2026,-8.571849587023388,122.02034130773804,7.8164299449290064,1.916582166818728,5.94202793524079,5.232968054160044,335.2266061114216,3.9082149724645032,Akresi,SINTETIS - PURWARUPA
S023,2020,-8.571666581124914,122.02057636036459,2.886578859581614,1.4820403124445436,5.824411887138071,5.102707333983558,282.6029228192036,1.443289429790807,Akresi,SINTETIS - PURWARUPA
S023,2022,-8.571666581124914,122.02057636036459,6.602490405666842,1.3483649619158764,5.31697296105717,5.102707333983558,282.6029228192036,3.301245202833421,Akresi,SINTETIS - PURWARUPA
S023,2024,-8.571666581124914,122.02057636036459,5.891470179158766,1.749938486418603,4.2297567016259086,5.102707333983558,282.6029228192036,2.945735089579383,Akresi,SINTETIS - PURWARUPA
S023,2026,-8.571666581124914,122.02057636036459,4.656060262931241,1.9185094416806403,4.607694125424923,5.102707333983558,282.6029228192036,2.3280301314656207,Akresi,SINTETIS - PURWARUPA
S024,2020,-8.571463383629313,122.0207972790096,3.0105592639416248,1.6998778938982844,6.510184080268074,3.517139083340989,436.0544826611785,1.5052796319708124,Akresi,SINTETIS - PURWARUPA
S024,2022,-8.571463383629313,122.0207972790096,-1.971909695421552,2.214678585121129,5.253805973360747,3.517139083340989,436.0544826611785,-0.9859548477107758,Abrasi,SINTETIS - PURWARUPA
S024,2024,-8.571463383629313,122.0207972790096,3.6442831870248495,1.9614890265309992,4.95076068285181,3.517139083340989,436.0544826611785,1.8221415935124248,Akresi,SINTETIS - PURWARUPA
S024,2026,-8.571463383629313,122.0207972790096,2.470212160607232,1.858342739701184,3.57728855072929,3.517139083340989,436.0544826611785,1.235106080303616,Akresi,SINTETIS - PURWARUPA
S025,2020,-8.57133749115318,122.02096812336518,-0.4763713676304606,1.4966959627649936,3.804680939329161,4.159454909025491,323.38629799378793,-0.2381856838152303,Stabil,SINTETIS - PURWARUPA
S025,2022,-8.57133749115318,122.02096812336518,5.425351387263266,1.4190237548866338,4.933868759633997,4.159454909025491,323.38629799378793,2.712675693631633,Akresi,SINTETIS - PURWARUPA
S025,2024,-8.57133749115318,122.02096812336518,5.898784551665577,1.6456837691774444,5.665889718470418,4.159454909025491,323.38629799378793,2.9493922758327886,Akresi,SINTETIS - PURWARUPA
S025,2026,-8.57133749115318,122.02096812336518,3.821598821582776,1.480223980940274,6.13607764672176,4.159454909025491,323.38629799378793,1.910799410791388,Akresi,SINTETIS - PURWARUPA
S026,2020,-8.571114841157483,122.02121785073676,3.500943110620362,1.5824085395062393,5.180993449701545,4.730792713126128,194.8762358885599,1.750471555310181,Akresi,SINTETIS - PURWARUPA
S026,2022,-8.571114841157483,122.02121785073676,2.538351566417232,1.6903316647084254,3.108327554735013,4.730792713126128,194.8762358885599,1.2691757832086157,Akresi,SINTETIS - PURWARUPA
S026,2024,-8.571114841157483,122.02121785073676,6.438679864994748,0.8812351108950127,2.699660656182034,4.730792713126128,194.8762358885599,3.219339932497374,Akresi,SINTETIS - PURWARUPA
S026,2026,-8.571114841157483,122.02121785073676,6.066126741495981,1.662301864904709,5.15813912034091,4.730792713126128,194.8762358885599,3.0330633707479904,Akresi,SINTETIS - PURWARUPA
S027,2020,-8.570896776290166,122.02147177803785,2.0295338642912224,1.432244330451938,4.4951221314070455,3.3962930979107906,439.5020245397157,1.0147669321456112,Akresi,SINTETIS - PURWARUPA
S027,2022,-8.570896776290166,122.02147177803785,4.440649074358504,0.8818122206022443,4.434239375519617,3.3962930979107906,439.5020245397157,2.220324537179252,Akresi,SINTETIS - PURWARUPA
S027,2024,-8.570896776290166,122.02147177803785,-0.0752621496891077,1.6812547567825105,7.56492379739918,3.3962930979107906,439.5020245397157,-0.0376310748445538,Stabil,SINTETIS - PURWARUPA
S027,2026,-8.570896776290166,122.02147177803785,6.145887808327462,1.5374896138909715,4.251347273010959,3.3962930979107906,439.5020245397157,3.072943904163731,Akresi,SINTETIS - PURWARUPA
S028,2020,-8.570753385414587,122.0215970202791,3.814315312860432,1.2131349165692558,4.216297106452372,4.892445487352727,165.29990020677764,1.907157656430216,Akresi,SINTETIS - PURWARUPA
S028,2022,-8.570753385414587,122.0215970202791,5.264152689927006,1.5497616542432209,5.272906790876314,4.892445487352727,165.29990020677764,2.632076344963503,Akresi,SINTETIS - PURWARUPA
S028,2024,-8.570753385414587,122.0215970202791,3.856702957352295,1.5266726488750952,7.0847939866338,4.892445487352727,165.29990020677764,1.9283514786761475,Akresi,SINTETIS - PURWARUPA
S028,2026,-8.570753385414587,122.0215970202791,6.1320164504193055,0.8830997641039938,6.78066689988638,4.892445487352727,165.29990020677764,3.0660082252096528,Akresi,SINTETIS - PURWARUPA
S029,2020,-8.57053601504173,122.02188344876728,-0.3595024585428218,2.0828543960442047,7.992376634864504,3.3032937046949824,298.8286251664813,-0.1797512292714109,Stabil,SINTETIS - PURWARUPA
S029,2022,-8.57053601504173,122.02188344876728,0.4297459207572072,1.4560667076609763,6.791488188959662,3.3032937046949824,298.8286251664813,0.2148729603786036,Stabil,SINTETIS - PURWARUPA
S029,2024,-8.57053601504173,122.02188344876728,3.910902602072031,1.5165746304163892,5.4689645824553725,3.3032937046949824,298.8286251664813,1.9554513010360155,Akresi,SINTETIS - PURWARUPA
S029,2026,-8.57053601504173,122.02188344876728,1.5796779831632,1.108320917917708,3.592519008029237,3.3032937046949824,298.8286251664813,0.7898389915816,Akresi,SINTETIS - PURWARUPA
S030,2020,-8.570422974338458,122.02207818719532,2.989520855901276,1.7870976794675542,4.345490660390047,3.0602126200268573,521.2123627401323,1.494760427950638,Akresi,SINTETIS - PURWARUPA
S030,2022,-8.570422974338458,122.02207818719532,4.163847656365669,1.257522617277386,5.158763394351886,3.0602126200268573,521.2123627401323,2.0819238281828345,Akresi,SINTETIS - PURWARUPA
S030,2024,-8.570422974338458,122.02207818719532,5.860330529698535,1.6167098909413875,5.092889819339182,3.0602126200268573,521.2123627401323,2.9301652648492675,Akresi,SINTETIS - PURWARUPA
S030,2026,-8.570422974338458,122.02207818719532,10.797406436649194,1.0003216208501584,5.507606874834722,3.0602126200268573,521.2123627401323,5.398703218324597,Akresi,SINTETIS - PURWARUPA
S031,2020,-8.570202760422788,122.02235494388908,1.3666619610605903,1.380125881962558,5.295510902602954,3.637280267259812,331.3087933461716,0.6833309805302952,Akresi,SINTETIS - PURWARUPA
S031,2022,-8.570202760422788,122.02235494388908,4.949552109390243,1.5506054756351435,4.478155372977079,3.637280267259812,331.3087933461716,2.4747760546951216,Akresi,SINTETIS - PURWARUPA
S031,2024,-8.570202760422788,122.02235494388908,2.5837881805575478,1.7798504515560682,5.939837688684676,3.637280267259812,331.3087933461716,1.2918940902787737,Akresi,SINTETIS - PURWARUPA
S031,2026,-8.570202760422788,122.02235494388908,6.578107805858052,1.5588879527580437,5.129592333344305,3.637280267259812,331.3087933461716,3.2890539029290258,Akresi,SINTETIS - PURWARUPA
S032,2020,-8.570084394997593,122.02252187923284,-6.342717127015831,1.8773517804348685,6.574221978366023,0.5137820073140036,40.69148376819129,-3.171358563507916,Abrasi,SINTETIS - PURWARUPA
S032,2022,-8.570084394997593,122.02252187923284,-1.0252462079386078,0.874123790385686,2.0,0.5137820073140036,40.69148376819129,-0.5126231039693039,Abrasi,SINTETIS - PURWARUPA
S032,2024,-8.570084394997593,122.02252187923284,-5.187884491344678,2.2471452542865906,6.021861125756377,0.5137820073140036,40.69148376819129,-2.593942245672339,Abrasi,SINTETIS - PURWARUPA
S032,2026,-8.570084394997593,122.02252187923284,-1.3800238293183371,1.562778073325107,3.626849976406669,0.5137820073140036,40.69148376819129,-0.6900119146591686,Abrasi,SINTETIS - PURWARUPA
S033,2020,-8.569846468490876,122.02274936443432,5.988676834030932,1.6339141063377989,4.6739532613230885,4.686209182535121,298.25033167304736,2.994338417015466,Akresi,SINTETIS - PURWARUPA
S033,2022,-8.569846468490876,122.02274936443432,2.530143998260554,1.9701279316683968,4.335820576418305,4.686209182535121,298.25033167304736,1.265071999130277,Akresi,SINTETIS - PURWARUPA
S033,2024,-8.569846468490876,122.02274936443432,7.61835061673025,1.8675245177120812,5.270387215965927,4.686209182535121,298.25033167304736,3.809175308365125,Akresi,SINTETIS - PURWARUPA
S033,2026,-8.569846468490876,122.02274936443432,6.253935539330086,1.2451125008377355,7.246054691524853,4.686209182535121,298.25033167304736,3.126967769665043,Akresi,SINTETIS - PURWARUPA
S034,2020,-8.569661705950367,122.02301888899453,-2.180661557110479,1.243002527190076,6.042800740771766,2.957344283833743,118.24290657050582,-1.0903307785552394,Abrasi,SINTETIS - PURWARUPA
S034,2022,-8.569661705950367,122.02301888899453,3.645431718355357,1.6231148159278923,4.853474418858708,2.957344283833743,118.24290657050582,1.8227158591776784,Akresi,SINTETIS - PURWARUPA
S034,2024,-8.569661705950367,122.02301888899453,1.1451121312774224,0.5620088932848349,4.556121069874997,2.957344283833743,118.24290657050582,0.5725560656387112,Akresi,SINTETIS - PURWARUPA
S034,2026,-8.569661705950367,122.02301888899453,3.093726332017916,1.1108196867726166,5.797199081330732,2.957344283833743,118.24290657050582,1.546863166008958,Akresi,SINTETIS - PURWARUPA
S035,2020,-8.569497054142136,122.02318717190772,2.036313621811496,1.6473973743146677,6.295199164462581,3.805082360929915,108.80495412796492,1.018156810905748,Akresi,SINTETIS - PURWARUPA
S035,2022,-8.569497054142136,122.02318717190772,6.34990172810671,1.594786704962942,5.855701600970392,3.805082360929915,108.80495412796492,3.174950864053355,Akresi,SINTETIS - PURWARUPA
S035,2024,-8.569497054142136,122.02318717190772,2.294183882896073,1.3695170401316217,5.131500137998508,3.805082360929915,108.80495412796492,1.1470919414480365,Akresi,SINTETIS - PURWARUPA
S035,2026,-8.569497054142136,122.02318717190772,3.9576139891874016,1.0387080652977572,4.00663385487871,3.805082360929915,108.80495412796492,1.9788069945937008,Akresi,SINTETIS - PURWARUPA
S036,2020,-8.569311573226518,122.02342197630772,0.5273196129826325,1.715064597406987,6.387295206761137,3.5767130878282427,142.82506115984015,0.2636598064913162,Stabil,SINTETIS - PURWARUPA
S036,2022,-8.569311573226518,122.02342197630772,3.2215827142804945,1.1714793493673508,6.158113504995759,3.5767130878282427,142.82506115984015,1.6107913571402472,Akresi,SINTETIS - PURWARUPA
S036,2024,-8.569311573226518,122.02342197630772,5.014880137294477,0.8931554592047333,5.418423692818714,3.5767130878282427,142.82506115984015,2.5074400686472385,Akresi,SINTETIS - PURWARUPA
S036,2026,-8.569311573226518,122.02342197630772,1.7196457681123212,1.085106824729286,5.727812071404932,3.5767130878282427,142.82506115984015,0.8598228840561606,Akresi,SINTETIS - PURWARUPA
S037,2020,-8.569089367232067,122.02366938595343,3.73500263676769,0.5565273119700437,4.112382807681601,3.121223998545553,300.88360729747023,1.867501318383845,Akresi,SINTETIS - PURWARUPA
S037,2022,-8.569089367232067,122.02366938595343,6.97685421423688,1.0247534425005993,6.35727577915679,3.121223998545553,300.88360729747023,3.48842710711844,Akresi,SINTETIS - PURWARUPA
S037,2024,-8.569089367232067,122.02366938595343,5.071613135649193,0.9881848481997442,4.495043915097769,3.121223998545553,300.88360729747023,2.5358065678245967,Akresi,SINTETIS - PURWARUPA
S037,2026,-8.569089367232067,122.02366938595343,3.8600877659034896,1.9638906519748671,4.033150824952116,3.121223998545553,300.88360729747023,1.9300438829517448,Akresi,SINTETIS - PURWARUPA
S038,2020,-8.568894813849543,122.02380239467945,-0.6214179738946922,1.2177940555006062,6.475121545304374,1.578396189731252,190.69507509548265,-0.3107089869473461,Stabil,SINTETIS - PURWARUPA
S038,2022,-8.568894813849543,122.02380239467945,-0.4334644024013663,0.778763279125255,6.118492483480973,1.578396189731252,190.69507509548265,-0.2167322012006831,Stabil,SINTETIS - PURWARUPA
S038,2024,-8.568894813849543,122.02380239467945,-1.5824434496213546,1.8460565259294333,4.746894956275696,1.578396189731252,190.69507509548265,-0.7912217248106773,Abrasi,SINTETIS - PURWARUPA
S038,2026,-8.568894813849543,122.02380239467945,1.1007612910429057,1.5893960637815858,6.415511778804324,1.578396189731252,190.69507509548265,0.5503806455214528,Akresi,SINTETIS - PURWARUPA
S039,2020,-8.568820020734588,122.02408808848708,-0.863520954559853,0.9016929476103288,6.035586577051676,1.9485379224884016,282.9386556223569,-0.4317604772799265,Stabil,SINTETIS - PURWARUPA
S039,2022,-8.568820020734588,122.02408808848708,1.679870148824479,0.9510778724088174,6.356584163778879,1.9485379224884016,282.9386556223569,0.8399350744122395,Akresi,SINTETIS - PURWARUPA
S039,2024,-8.568820020734588,122.02408808848708,0.102236013932541,1.185108119512486,7.241414618825277,1.9485379224884016,282.9386556223569,0.0511180069662705,Stabil,SINTETIS - PURWARUPA
S039,2026,-8.568820020734588,122.02408808848708,0.5851472595095786,1.411237685889827,5.822696137214321,1.9485379224884016,282.9386556223569,0.2925736297547893,Stabil,SINTETIS - PURWARUPA
S040,2020,-8.568575318726264,122.02427594388347,7.346174534131256,1.0357948816206484,2.604663602884612,2.882542516675686,440.7699695724677,3.673087267065628,Akresi,SINTETIS - PURWARUPA
S040,2022,-8.568575318726264,122.02427594388347,-2.8976652964341545,2.2922647834124508,5.0136768814608015,2.882542516675686,440.7699695724677,-1.4488326482170772,Abrasi,SINTETIS - PURWARUPA
S040,2024,-8.568575318726264,122.02427594388347,3.433933277511294,1.2913306083314195,5.156532460191197,2.882542516675686,440.7699695724677,1.716966638755647,Akresi,SINTETIS - PURWARUPA
S040,2026,-8.568575318726264,122.02427594388347,5.713508430885667,1.0103141853273532,6.195473370971773,2.882542516675686,440.7699695724677,2.8567542154428334,Akresi,SINTETIS - PURWARUPA
S041,2020,-8.568454284983662,122.02453292335582,8.834677387344826,1.2819361932760227,5.329596142710974,6.5790274729188365,274.0744465411884,4.417338693672413,Akresi,SINTETIS - PURWARUPA
S041,2022,-8.568454284983662,122.02453292335582,8.430660000542085,0.7942649380724736,5.697268843572763,6.5790274729188365,274.0744465411884,4.2153300002710425,Akresi,SINTETIS - PURWARUPA
S041,2024,-8.568454284983662,122.02453292335582,10.674744981352454,2.046738754534616,5.29099271943405,6.5790274729188365,274.0744465411884,5.337372490676227,Akresi,SINTETIS - PURWARUPA
S041,2026,-8.568454284983662,122.02453292335582,10.539302657635986,1.0136907557762975,6.204711000163351,6.5790274729188365,274.0744465411884,5.269651328817993,Akresi,SINTETIS - PURWARUPA
S042,2020,-8.568255524232503,122.02473726933732,4.481170830568858,0.8078130727905828,5.478924608227065,5.3187782552474,204.66916139987592,2.240585415284429,Akresi,SINTETIS - PURWARUPA
S042,2022,-8.568255524232503,122.02473726933732,2.570077340365464,1.2801806714676411,5.402094676377855,5.3187782552474,204.66916139987592,1.285038670182732,Akresi,SINTETIS - PURWARUPA
S042,2024,-8.568255524232503,122.02473726933732,6.312025291749123,0.8345195812377626,6.07848020263063,5.3187782552474,204.66916139987592,3.156012645874561,Akresi,SINTETIS - PURWARUPA
S042,2026,-8.568255524232503,122.02473726933732,9.169498727977269,0.5023394803628015,6.441812843929762,5.3187782552474,204.66916139987592,4.584749363988634,Akresi,SINTETIS - PURWARUPA
S043,2020,-8.568070869059788,122.02491244254756,3.160475981334075,2.2339107989394256,6.004226318469925,4.753711844471505,298.9090871584601,1.5802379906670374,Akresi,SINTETIS - PURWARUPA
S043,2022,-8.568070869059788,122.02491244254756,6.084221240179724,1.341575224462002,6.480131040640949,4.753711844471505,298.9090871584601,3.0421106200898618,Akresi,SINTETIS - PURWARUPA
S043,2024,-8.568070869059788,122.02491244254756,4.293446473369257,1.838103752997818,4.874412497635259,4.753711844471505,298.9090871584601,2.1467232366846285,Akresi,SINTETIS - PURWARUPA
S043,2026,-8.568070869059788,122.02491244254756,9.485200692547284,1.2323138901808068,6.448962065414787,4.753711844471505,298.9090871584601,4.742600346273642,Akresi,SINTETIS - PURWARUPA
S044,2020,-8.567883218029861,122.02515920424204,1.6906272274630747,1.7332187785989617,2.797867251257144,3.971115835804699,215.5933899981938,0.8453136137315373,Akresi,SINTETIS - PURWARUPA
S044,2022,-8.567883218029861,122.02515920424204,3.489334832381518,1.126154283113494,2.7155727851366263,3.971115835804699,215.5933899981938,1.744667416190759,Akresi,SINTETIS - PURWARUPA
S044,2024,-8.567883218029861,122.02515920424204,7.300357403242353,1.0796953594539258,5.258674414577404,3.971115835804699,215.5933899981938,3.6501787016211766,Akresi,SINTETIS - PURWARUPA
S044,2026,-8.567883218029861,122.02515920424204,5.5925859252165,1.3142287720832542,4.263023535674615,3.971115835804699,215.5933899981938,2.7962929626082498,Akresi,SINTETIS - PURWARUPA
S045,2020,-8.567657977606423,122.0253626686894,0.166055188321096,1.3224623594942198,6.276981628851369,2.1341376741178277,328.19685429839126,0.083027594160548,Stabil,SINTETIS - PURWARUPA
S045,2022,-8.567657977606423,122.0253626686894,1.0668995667585337,1.6455822768313484,4.257906263151231,2.1341376741178277,328.19685429839126,0.5334497833792669,Akresi,SINTETIS - PURWARUPA
S045,2024,-8.567657977606423,122.0253626686894,-0.5357357898794266,1.326258494972895,4.040930891075043,2.1341376741178277,328.19685429839126,-0.2678678949397133,Stabil,SINTETIS - PURWARUPA
S045,2026,-8.567657977606423,122.0253626686894,0.0893346617236483,1.6400121623461317,5.0788571413384265,2.1341376741178277,328.19685429839126,0.0446673308618241,Stabil,SINTETIS - PURWARUPA
S046,2020,-8.567512338183175,122.0256457880196,-3.38635772827689,1.076989745336656,7.253414640064395,0.2,40.47058341353432,-1.693178864138445,Abrasi,SINTETIS - PURWARUPA
S046,2022,-8.567512338183175,122.0256457880196,-5.387336795713895,1.6685610341614292,4.131806897048524,0.2,40.47058341353432,-2.693668397856948,Abrasi,SINTETIS - PURWARUPA
S046,2024,-8.567512338183175,122.0256457880196,-1.751924729199238,1.5567348008529485,5.569929197122536,0.2,40.47058341353432,-0.875962364599619,Abrasi,SINTETIS - PURWARUPA
S046,2026,-8.567512338183175,122.0256457880196,-1.4625704458062352,1.3343151531750417,5.833772471745553,0.2,40.47058341353432,-0.7312852229031176,Abrasi,SINTETIS - PURWARUPA
S047,2020,-8.567306119793395,122.02585615770232,-6.016654332120029,1.7506108891780274,6.925270111914324,1.070192008412345,20.0,-3.0083271660600146,Abrasi,SINTETIS - PURWARUPA
S047,2022,-8.567306119793395,122.02585615770232,1.3775781258570563,0.74905760770903,5.618841785208641,1.070192008412345,20.0,0.6887890629285283,Akresi,SINTETIS - PURWARUPA
S047,2024,-8.567306119793395,122.02585615770232,-3.569074650920843,2.02915808285201,6.119557086521741,1.070192008412345,20.0,-1.7845373254604215,Abrasi,SINTETIS - PURWARUPA
S047,2026,-8.567306119793395,122.02585615770232,-0.3796953131925702,1.087404282445298,5.513741550004785,1.070192008412345,20.0,-0.1898476565962851,Stabil,SINTETIS - PURWARUPA
S048,2020,-8.567179904852239,122.0261134101234,8.692188617952455,1.0777023607668053,6.526023189156734,6.177752603108196,409.04681569776,4.346094308976228,Akresi,SINTETIS - PURWARUPA
S048,2022,-8.567179904852239,122.0261134101234,8.120754338645947,1.5548909684714185,6.999598320452533,6.177752603108196,409.04681569776,4.060377169322973,Akresi,SINTETIS - PURWARUPA
S048,2024,-8.567179904852239,122.0261134101234,8.333433888793033,1.6590049827065174,6.264287540046652,6.177752603108196,409.04681569776,4.166716944396517,Akresi,SINTETIS - PURWARUPA
S048,2026,-8.567179904852239,122.0261134101234,9.481432698144124,0.7757361046000357,5.600345292892668,6.177752603108196,409.04681569776,4.740716349072062,Akresi,SINTETIS - PURWARUPA
S049,2020,-8.567007848043797,122.02632240195244,6.254006819201424,1.489324695899556,7.120750145143188,6.093493011328556,440.29088404138565,3.127003409600712,Akresi,SINTETIS - PURWARUPA
S049,2022,-8.567007848043797,122.02632240195244,9.08405560012709,1.4709790469142228,4.18783435544562,6.093493011328556,440.29088404138565,4.542027800063545,Akresi,SINTETIS - PURWARUPA
S049,2024,-8.567007848043797,122.02632240195244,9.110293108861846,1.421135074948546,3.9368174597986423,6.093493011328556,440.29088404138565,4.555146554430923,Akresi,SINTETIS - PURWARUPA
S049,2026,-8.567007848043797,122.02632240195244,10.134887745499686,1.372094652650117,7.657073399973568,6.093493011328556,440.29088404138565,5.067443872749843,Akresi,SINTETIS - PURWARUPA
S050,2020,-8.566789109451895,122.02649941107316,1.6603183185562642,1.0211504809140997,5.318737746871685,3.566318567156297,221.5920421286233,0.8301591592781321,Akresi,SINTETIS - PURWARUPA
S050,2022,-8.566789109451895,122.02649941107316,4.406690380946191,0.9623895613768988,6.113466177457042,3.566318567156297,221.5920421286233,2.203345190473096,Akresi,SINTETIS - PURWARUPA
S050,2024,-8.566789109451895,122.02649941107316,7.070895135765204,0.7746523710211727,5.352778435005847,3.566318567156297,221.5920421286233,3.535447567882602,Akresi,SINTETIS - PURWARUPA
S050,2026,-8.566789109451895,122.02649941107316,3.0457501156592914,1.7707283086137122,6.731004211462286,3.566318567156297,221.5920421286233,1.5228750578296455,Akresi,SINTETIS - PURWARUPA
S051,2020,-8.566634804174907,122.02667943648906,1.4347573104623803,1.8505658890617729,6.8199755804105004,4.016907357125536,303.09920481112283,0.7173786552311903,Akresi,SINTETIS - PURWARUPA
S051,2022,-8.566634804174907,122.02667943648906,5.549267069375155,0.9645279423986955,5.117072083586923,4.016907357125536,303.09920481112283,2.774633534687577,Akresi,SINTETIS - PURWARUPA
S051,2024,-8.566634804174907,122.02667943648906,5.657885137896924,1.3292708641137083,4.806527070306813,4.016907357125536,303.09920481112283,2.8289425689484617,Akresi,SINTETIS - PURWARUPA
S051,2026,-8.566634804174907,122.02667943648906,6.734557405350102,1.2236147905062862,4.746320699529552,4.016907357125536,303.09920481112283,3.367278702675051,Akresi,SINTETIS - PURWARUPA
S052,2020,-8.56644151259247,122.02693927058554,-0.467393493413283,1.2315656066471057,7.225332327899755,3.909806034278184,90.47993984717954,-0.2336967467066415,Stabil,SINTETIS - PURWARUPA
S052,2022,-8.56644151259247,122.02693927058554,5.656049615845417,0.6591709428603141,3.2657858161089863,3.909806034278184,90.47993984717954,2.8280248079227084,Akresi,SINTETIS - PURWARUPA
S052,2024,-8.56644151259247,122.02693927058554,6.130692629935204,1.4108210473114444,5.358866973489855,3.909806034278184,90.47993984717954,3.065346314967602,Akresi,SINTETIS - PURWARUPA
S052,2026,-8.56644151259247,122.02693927058554,9.251681525648316,0.5,5.975120649316988,3.909806034278184,90.47993984717954,4.625840762824158,Akresi,SINTETIS - PURWARUPA
S053,2020,-8.566283286238015,122.02714055325852,3.092378654501044,1.285808298241936,7.212982340421405,2.370662124157069,124.79155354914596,1.5461893272505218,Akresi,SINTETIS - PURWARUPA
S053,2022,-8.566283286238015,122.02714055325852,-0.0616807454967562,1.2824212712359482,7.786072256877365,2.370662124157069,124.79155354914596,-0.0308403727483781,Stabil,SINTETIS - PURWARUPA
S053,2024,-8.566283286238015,122.02714055325852,0.2993804451932357,2.0137918593453783,5.38804162041581,2.370662124157069,124.79155354914596,0.1496902225966178,Stabil,SINTETIS - PURWARUPA
S053,2026,-8.566283286238015,122.02714055325852,1.8833814186024904,1.527916065424992,9.0,2.370662124157069,124.79155354914596,0.9416907093012452,Akresi,SINTETIS - PURWARUPA
S054,2020,-8.566090670750967,122.02740101739,0.9430843730831676,1.7180104759622388,5.537302705325383,2.957251194373488,181.43497439383071,0.4715421865415838,Stabil,SINTETIS - PURWARUPA
S054,2022,-8.566090670750967,122.02740101739,2.459750094241992,1.4048948276528523,5.903899751926522,2.957251194373488,181.43497439383071,1.2298750471209958,Akresi,SINTETIS - PURWARUPA
S054,2024,-8.566090670750967,122.02740101739,1.6698182660463237,0.7220615735531046,6.2998872023314405,2.957251194373488,181.43497439383071,0.8349091330231618,Akresi,SINTETIS - PURWARUPA
S054,2026,-8.566090670750967,122.02740101739,4.512416221266246,0.895195302554206,5.429906507369581,2.957251194373488,181.43497439383071,2.256208110633123,Akresi,SINTETIS - PURWARUPA
S055,2020,-8.565910258000004,122.0276168784096,-0.1708701194266779,1.1952940527734497,5.444095275592793,1.4867372504436398,193.0278751718417,-0.0854350597133389,Stabil,SINTETIS - PURWARUPA
S055,2022,-8.565910258000004,122.0276168784096,0.0068607634503563,1.0472374676317593,6.3691392129474735,1.4867372504436398,193.0278751718417,0.0034303817251781,Stabil,SINTETIS - PURWARUPA
S055,2024,-8.565910258000004,122.0276168784096,2.685690508403136,0.7378188113408313,3.149690271523563,1.4867372504436398,193.0278751718417,1.342845254201568,Akresi,SINTETIS - PURWARUPA
S055,2026,-8.565910258000004,122.0276168784096,1.0659178843625492,1.322661438774776,5.37589586371044,1.4867372504436398,193.0278751718417,0.5329589421812746,Akresi,SINTETIS - PURWARUPA
S056,2020,-8.565702686019883,122.02784037694218,2.0977832733684885,1.017336649739416,5.846700000602448,1.8333426486236628,85.92397699388874,1.0488916366842442,Akresi,SINTETIS - PURWARUPA
S056,2022,-8.565702686019883,122.02784037694218,-2.1028922961567,1.2490311966161711,2.4979601870084145,1.8333426486236628,85.92397699388874,-1.05144614807835,Abrasi,SINTETIS - PURWARUPA
S056,2024,-8.565702686019883,122.02784037694218,0.4478787670643068,1.1084371470213958,4.830725335005742,1.8333426486236628,85.92397699388874,0.2239393835321534,Stabil,SINTETIS - PURWARUPA
S056,2026,-8.565702686019883,122.02784037694218,3.259358920809044,1.413503393043321,5.125904403013063,1.8333426486236628,85.92397699388874,1.629679460404522,Akresi,SINTETIS - PURWARUPA
S057,2020,-8.565549733334237,122.02800607791508,1.8840154211455609,1.5363920968620006,5.62306382047152,4.218313307780693,35.0101102103433,0.9420077105727804,Akresi,SINTETIS - PURWARUPA
S057,2022,-8.565549733334237,122.02800607791508,6.467957492292855,1.9558966375022415,4.7533510656463385,4.218313307780693,35.0101102103433,3.2339787461464278,Akresi,SINTETIS - PURWARUPA
S057,2024,-8.565549733334237,122.02800607791508,4.937351991469692,1.321098992770165,3.967580266035726,4.218313307780693,35.0101102103433,2.468675995734846,Akresi,SINTETIS - PURWARUPA
S057,2026,-8.565549733334237,122.02800607791508,6.663065295386205,1.023314179888431,4.5978929826238,4.218313307780693,35.0101102103433,3.3315326476931024,Akresi,SINTETIS - PURWARUPA
S058,2020,-8.565332785352407,122.02823328242289,6.59799852437297,1.902705614797152,6.1352960885508665,4.981107717569601,412.05108612295874,3.298999262186485,Akresi,SINTETIS - PURWARUPA
S058,2022,-8.565332785352407,122.02823328242289,5.848850505755739,0.7417205502090798,5.118512141645845,4.981107717569601,412.05108612295874,2.9244252528778696,Akresi,SINTETIS - PURWARUPA
S058,2024,-8.565332785352407,122.02823328242289,6.547439674001879,1.441729051394587,4.814260936963915,4.981107717569601,412.05108612295874,3.2737198370009395,Akresi,SINTETIS - PURWARUPA
S058,2026,-8.565332785352407,122.02823328242289,6.832935359293512,2.058761208071417,5.296336244295546,4.981107717569601,412.05108612295874,3.416467679646756,Akresi,SINTETIS - PURWARUPA
S059,2020,-8.565176420894966,122.02847421885252,1.342862112732751,1.807857637441512,7.476872797123995,3.509025020654107,312.76536923624235,0.6714310563663755,Akresi,SINTETIS - PURWARUPA
S059,2022,-8.565176420894966,122.02847421885252,3.2022637578730926,1.606341410112461,4.11896258897732,3.509025020654107,312.76536923624235,1.6011318789365463,Akresi,SINTETIS - PURWARUPA
S059,2024,-8.565176420894966,122.02847421885252,3.1420750228760155,1.729101312709256,6.539162366100584,3.509025020654107,312.76536923624235,1.5710375114380075,Akresi,SINTETIS - PURWARUPA
S059,2026,-8.565176420894966,122.02847421885252,6.063576654786199,1.7102378858487832,6.088920050792583,3.509025020654107,312.76536923624235,3.0317883273930994,Akresi,SINTETIS - PURWARUPA
S060,2020,-8.564980772040359,122.0286812765044,-0.0357298151880667,1.5340100077347671,2.0,4.003761885399536,20.0,-0.0178649075940333,Stabil,SINTETIS - PURWARUPA
S060,2022,-8.564980772040359,122.0286812765044,-0.0995662084892301,1.5581190103293443,6.073035204720155,4.003761885399536,20.0,-0.049783104244615,Stabil,SINTETIS - PURWARUPA
S060,2024,-8.564980772040359,122.0286812765044,2.3711851918890563,1.1507642853423714,7.144649186336959,4.003761885399536,20.0,1.185592595944528,Akresi,SINTETIS - PURWARUPA
S060,2026,-8.564980772040359,122.0286812765044,3.321079450566719,2.1850221093410447,5.497696176188384,4.003761885399536,20.0,1.6605397252833596,Akresi,SINTETIS - PURWARUPA
S061,2020,-8.564760946583112,122.02891587826737,0.0306436897668428,1.387536242333468,3.8623100173581215,1.9964840289637984,234.63815676279935,0.0153218448834214,Stabil,SINTETIS - PURWARUPA
S061,2022,-8.564760946583112,122.02891587826737,0.6194855452605977,1.1402327671008972,6.60922930862492,1.9964840289637984,234.63815676279935,0.3097427726302988,Stabil,SINTETIS - PURWARUPA
S061,2024,-8.564760946583112,122.02891587826737,1.899262079585427,1.3010214877983504,5.372581683252909,1.9964840289637984,234.63815676279935,0.9496310397927136,Akresi,SINTETIS - PURWARUPA
S061,2026,-8.564760946583112,122.02891587826737,-0.1403505221289342,1.6158849698914228,4.300345325596743,1.9964840289637984,234.63815676279935,-0.0701752610644671,Stabil,SINTETIS - PURWARUPA
S062,2020,-8.564596312438605,122.02911957734773,0.0218690142227064,1.5621794321114404,3.663141691291952,1.3747368611046888,312.13377931363465,0.0109345071113532,Stabil,SINTETIS - PURWARUPA
S062,2022,-8.564596312438605,122.02911957734773,0.2885093974536021,1.6574540823499306,5.949263742047516,1.3747368611046888,312.13377931363465,0.144254698726801,Stabil,SINTETIS - PURWARUPA
S062,2024,-8.564596312438605,122.02911957734773,0.7904000979130793,0.9085058156682376,5.897248185995434,1.3747368611046888,312.13377931363465,0.3952000489565396,Stabil,SINTETIS - PURWARUPA
S062,2026,-8.564596312438605,122.02911957734773,4.053311509501825,1.2310234444463743,6.544666731303671,1.3747368611046888,312.13377931363465,2.0266557547509123,Akresi,SINTETIS - PURWARUPA
S063,2020,-8.564395621713428,122.02939139169003,1.7847999273098232,1.6683880051244853,5.645413539159354,3.335398727554725,299.38082282368805,0.8923999636549116,Akresi,SINTETIS - PURWARUPA
S063,2022,-8.564395621713428,122.02939139169003,0.818310099944332,1.6883135961566635,5.428860824768881,3.335398727554725,299.38082282368805,0.409155049972166,Stabil,SINTETIS - PURWARUPA
S063,2024,-8.564395621713428,122.02939139169003,3.5619804944996134,1.2549344269574494,6.260692453280491,3.335398727554725,299.38082282368805,1.7809902472498067,Akresi,SINTETIS - PURWARUPA
S063,2026,-8.564395621713428,122.02939139169003,2.905673856609289,1.5190734919039182,6.304095090642628,3.335398727554725,299.38082282368805,1.4528369283046447,Akresi,SINTETIS - PURWARUPA
S064,2020,-8.564246765370157,122.02958331273196,-0.7216232066830317,1.2247393396850792,3.5138855881777795,1.6477803696327822,451.9226707660743,-0.3608116033415158,Stabil,SINTETIS - PURWARUPA
S064,2022,-8.564246765370157,122.02958331273196,0.9994694450315132,1.0426341937625874,5.56260798238904,1.6477803696327822,451.9226707660743,0.4997347225157566,Stabil,SINTETIS - PURWARUPA
S064,2024,-8.564246765370157,122.02958331273196,2.093611550584874,1.2821088113257924,6.243642358578975,1.6477803696327822,451.9226707660743,1.046805775292437,Akresi,SINTETIS - PURWARUPA
S064,2026,-8.564246765370157,122.02958331273196,2.9567443831276297,1.5106167547255,5.991794148794432,1.6477803696327822,451.9226707660743,1.4783721915638148,Akresi,SINTETIS - PURWARUPA
S065,2020,-8.56415269141532,122.02978101430632,-1.153061850099412,1.398378459721479,6.754638729747616,0.229684903265789,255.04838975169136,-0.5765309250497059,Abrasi,SINTETIS - PURWARUPA
S065,2022,-8.56415269141532,122.02978101430632,-1.1829301760364936,1.4709712668883286,4.8995667071237206,0.229684903265789,255.04838975169136,-0.5914650880182468,Abrasi,SINTETIS - PURWARUPA
S065,2024,-8.56415269141532,122.02978101430632,0.8122106506726929,1.21522882693649,5.498328818267981,0.229684903265789,255.04838975169136,0.4061053253363464,Stabil,SINTETIS - PURWARUPA
S065,2026,-8.56415269141532,122.02978101430632,0.4819096128375379,1.2047800289037016,6.466814367091001,0.229684903265789,255.04838975169136,0.2409548064187689,Stabil,SINTETIS - PURWARUPA
S066,2020,-8.563938096569581,122.03004116427772,3.9542728847263575,1.1331867896903216,4.468952777709316,4.547849518057258,264.269624232172,1.9771364423631788,Akresi,SINTETIS - PURWARUPA
S066,2022,-8.563938096569581,122.03004116427772,5.651902076721988,1.589908062152186,4.3532497991183225,4.547849518057258,264.269624232172,2.825951038360994,Akresi,SINTETIS - PURWARUPA
S066,2024,-8.563938096569581,122.03004116427772,6.66428202780166,0.9653855648925626,5.255117698673382,4.547849518057258,264.269624232172,3.33214101390083,Akresi,SINTETIS - PURWARUPA
S066,2026,-8.563938096569581,122.03004116427772,7.883667101086202,2.2557955507706207,3.8472212133755592,4.547849518057258,264.269624232172,3.941833550543101,Akresi,SINTETIS - PURWARUPA
S067,2020,-8.563724957542648,122.03024428261142,1.1982901542433029,1.3462102134732936,7.24486021774895,3.6775218700823062,312.2617545473326,0.5991450771216513,Akresi,SINTETIS - PURWARUPA
S067,2022,-8.563724957542648,122.03024428261142,2.833715941855459,1.7962821002627365,4.726759455744372,3.6775218700823062,312.2617545473326,1.4168579709277296,Akresi,SINTETIS - PURWARUPA
S067,2024,-8.563724957542648,122.03024428261142,7.648032280449897,1.0248131066984232,6.046028464417024,3.6775218700823062,312.2617545473326,3.824016140224949,Akresi,SINTETIS - PURWARUPA
S067,2026,-8.563724957542648,122.03024428261142,2.814730619947336,1.372925337062701,5.263737161555309,3.6775218700823062,312.2617545473326,1.4073653099736678,Akresi,SINTETIS - PURWARUPA
S068,2020,-8.563556331594674,122.03040416362609,-3.524691179770678,1.8616546192094885,8.871053033475404,2.1306830199217592,281.75004645527895,-1.762345589885339,Abrasi,SINTETIS - PURWARUPA
S068,2022,-8.563556331594674,122.03040416362609,-0.6582097358306999,1.902355054825904,5.792502976481978,2.1306830199217592,281.75004645527895,-0.3291048679153499,Stabil,SINTETIS - PURWARUPA
S068,2024,-8.563556331594674,122.03040416362609,1.435351839904052,1.5514080581041532,5.574299780415951,2.1306830199217592,281.75004645527895,0.717675919952026,Akresi,SINTETIS - PURWARUPA
S068,2026,-8.563556331594674,122.03040416362609,0.2632383643196814,1.2570833930106655,3.822268408241379,2.1306830199217592,281.75004645527895,0.1316191821598407,Stabil,SINTETIS - PURWARUPA
S069,2020,-8.56334985546857,122.03066364645116,-1.202454445471056,1.6782262885204695,5.716436731631678,2.60586665051575,251.1907877412415,-0.601227222735528,Abrasi,SINTETIS - PURWARUPA
S069,2022,-8.56334985546857,122.03066364645116,0.711257354976101,1.8292025344771323,7.395022603577958,2.60586665051575,251.1907877412415,0.3556286774880505,Stabil,SINTETIS - PURWARUPA
S069,2024,-8.56334985546857,122.03066364645116,3.058969122584787,1.7407822289704311,6.990351996176573,2.60586665051575,251.1907877412415,1.5294845612923935,Akresi,SINTETIS - PURWARUPA
S069,2026,-8.56334985546857,122.03066364645116,3.162507166686014,1.6149347119894182,6.21801645648986,2.60586665051575,251.1907877412415,1.581253583343007,Akresi,SINTETIS - PURWARUPA
S070,2020,-8.563222372945303,122.03091296914859,0.0634033637308695,1.8562477737328305,6.508264195233037,1.466279043310169,138.7560762824923,0.0317016818654347,Stabil,SINTETIS - PURWARUPA
S070,2022,-8.563222372945303,122.03091296914859,-0.4033999699857777,1.3049139657094475,4.117301390467879,1.466279043310169,138.7560762824923,-0.2016999849928888,Stabil,SINTETIS - PURWARUPA
S070,2024,-8.563222372945303,122.03091296914859,2.0922137262407947,1.4357109540342008,5.594786459608011,1.466279043310169,138.7560762824923,1.0461068631203974,Akresi,SINTETIS - PURWARUPA
S070,2026,-8.563222372945303,122.03091296914859,-1.2431039119639002,1.273555351248794,5.922441366163509,1.466279043310169,138.7560762824923,-0.6215519559819501,Abrasi,SINTETIS - PURWARUPA
S071,2020,-8.562995943296725,122.03111204071038,4.14376512449336,1.3355384887196724,5.175813844795485,2.3752799925732235,216.9838892955206,2.07188256224668,Akresi,SINTETIS - PURWARUPA
S071,2022,-8.562995943296725,122.03111204071038,-2.9740110486482125,1.365543899192242,5.207324667787194,2.3752799925732235,216.9838892955206,-1.4870055243241065,Abrasi,SINTETIS - PURWARUPA
S071,2024,-8.562995943296725,122.03111204071038,1.1722775031765833,1.087027426807183,5.184311890652377,2.3752799925732235,216.9838892955206,0.5861387515882917,Akresi,SINTETIS - PURWARUPA
S071,2026,-8.562995943296725,122.03111204071038,4.0154235957488,1.8835976576822289,5.302074669524537,2.3752799925732235,216.9838892955206,2.0077117978744,Akresi,SINTETIS - PURWARUPA
S072,2020,-8.562827601676046,122.03133306428896,-2.039959422382076,2.0015782510674507,2.716467127898538,3.3668053284312487,250.53147522700428,-1.019979711191038,Abrasi,SINTETIS - PURWARUPA
S072,2022,-8.562827601676046,122.03133306428896,4.5246197595929605,1.20989020913036,5.517433458325082,3.3668053284312487,250.53147522700428,2.26230987979648,Akresi,SINTETIS - PURWARUPA
S072,2024,-8.562827601676046,122.03133306428896,5.315317463355892,1.5655805193096162,5.038904904543315,3.3668053284312487,250.53147522700428,2.657658731677946,Akresi,SINTETIS - PURWARUPA
S072,2026,-8.562827601676046,122.03133306428896,5.166687882057449,1.7605683911034558,5.720869397525878,3.3668053284312487,250.53147522700428,2.5833439410287244,Akresi,SINTETIS - PURWARUPA
S073,2020,-8.562641273457166,122.03153510296308,-1.7164671058194243,1.4004689463640705,7.267544286627489,4.546725258500008,265.4858371610149,-0.8582335529097123,Abrasi,SINTETIS - PURWARUPA
S073,2022,-8.562641273457166,122.03153510296308,5.687817308371491,0.9038105404441504,4.075515488350756,4.546725258500008,265.4858371610149,2.843908654185745,Akresi,SINTETIS - PURWARUPA
S073,2024,-8.562641273457166,122.03153510296308,4.421391838139709,1.3108871405818894,3.691209222672344,4.546725258500008,265.4858371610149,2.2106959190698543,Akresi,SINTETIS - PURWARUPA
S073,2026,-8.562641273457166,122.03153510296308,9.021026740480533,1.0987054125167504,8.44890891049107,4.546725258500008,265.4858371610149,4.510513370240266,Akresi,SINTETIS - PURWARUPA
S074,2020,-8.562481805297598,122.03176103995516,-0.973952842089588,1.3590919347570165,4.3025776201071695,1.7761940042175588,20.0,-0.4869764210447939,Stabil,SINTETIS - PURWARUPA
S074,2022,-8.562481805297598,122.03176103995516,1.2077893086047733,0.8399279528347828,4.58563065002769,1.7761940042175588,20.0,0.6038946543023866,Akresi,SINTETIS - PURWARUPA
S074,2024,-8.562481805297598,122.03176103995516,-3.1814838095803,1.528173359224378,6.000966350490417,1.7761940042175588,20.0,-1.59074190479015,Abrasi,SINTETIS - PURWARUPA
S074,2026,-8.562481805297598,122.03176103995516,1.706632539923324,1.6991400055474464,4.539745964077779,1.7761940042175588,20.0,0.853316269961662,Akresi,SINTETIS - PURWARUPA
S075,2020,-8.562289771975365,122.03195065582891,4.35843710741751,1.6145378831661097,5.330814523066698,3.025703443128218,301.1509238889275,2.179218553708755,Akresi,SINTETIS - PURWARUPA
S075,2022,-8.562289771975365,122.03195065582891,3.2537827580309644,1.7526287698452956,5.192015060320297,3.025703443128218,301.1509238889275,1.6268913790154822,Akresi,SINTETIS - PURWARUPA
S075,2024,-8.562289771975365,122.03195065582891,-1.912953225101874,2.0768277198158653,7.852581520939632,3.025703443128218,301.1509238889275,-0.956476612550937,Abrasi,SINTETIS - PURWARUPA
S075,2026,-8.562289771975365,122.03195065582891,1.5857414536403116,1.075713411094997,7.281902544080621,3.025703443128218,301.1509238889275,0.7928707268201558,Akresi,SINTETIS - PURWARUPA
S076,2020,-8.562149129049066,122.03219736162997,2.6365365352549173,1.1723027328580429,4.690945045930589,4.130340064211879,235.6644610744465,1.3182682676274586,Akresi,SINTETIS - PURWARUPA
S076,2022,-8.562149129049066,122.03219736162997,3.936364749746215,1.09217162996937,8.237959452731275,4.130340064211879,235.6644610744465,1.9681823748731075,Akresi,SINTETIS - PURWARUPA
S076,2024,-8.562149129049066,122.03219736162997,3.805585953557266,1.7103656690416584,4.913107038257292,4.130340064211879,235.6644610744465,1.902792976778633,Akresi,SINTETIS - PURWARUPA
S076,2026,-8.562149129049066,122.03219736162997,4.521542459852602,1.1502561065203758,2.317949998096958,4.130340064211879,235.6644610744465,2.260771229926301,Akresi,SINTETIS - PURWARUPA
S077,2020,-8.561983771375466,122.03236445394054,0.277390213418936,1.384447341303476,7.048676514785409,1.7069615385528458,435.4937951134283,0.138695106709468,Stabil,SINTETIS - PURWARUPA
S077,2022,-8.561983771375466,122.03236445394054,1.7499296321874065,1.6738955890003056,4.41892360563451,1.7069615385528458,435.4937951134283,0.8749648160937031,Akresi,SINTETIS - PURWARUPA
S077,2024,-8.561983771375466,122.03236445394054,2.3874739609395474,1.655049981926021,4.808023249319568,1.7069615385528458,435.4937951134283,1.1937369804697735,Akresi,SINTETIS - PURWARUPA
S077,2026,-8.561983771375466,122.03236445394054,-0.1666293810961003,1.5981657155011917,4.840536854643901,1.7069615385528458,435.4937951134283,-0.0833146905480501,Stabil,SINTETIS - PURWARUPA
S078,2020,-8.561784976665026,122.03265454262012,3.493829937032648,1.4093048694641344,6.184644443366183,3.990514803183972,139.046383735892,1.746914968516324,Akresi,SINTETIS - PURWARUPA
S078,2022,-8.561784976665026,122.03265454262012,-0.6010909873564236,1.943158042042871,7.032376998637652,3.990514803183972,139.046383735892,-0.3005454936782118,Stabil,SINTETIS - PURWARUPA
S078,2024,-8.561784976665026,122.03265454262012,5.066120776062588,1.989255173338308,4.862828194533142,3.990514803183972,139.046383735892,2.533060388031294,Akresi,SINTETIS - PURWARUPA
S078,2026,-8.561784976665026,122.03265454262012,1.2408264627954826,1.423795319117881,5.005420745851639,3.990514803183972,139.046383735892,0.6204132313977413,Akresi,SINTETIS - PURWARUPA
S079,2020,-8.561574599750374,122.03282516595682,4.415696270802728,1.1210811537461582,5.862364891023125,4.950948853764158,462.35097199949473,2.207848135401364,Akresi,SINTETIS - PURWARUPA
S079,2022,-8.561574599750374,122.03282516595682,6.104551632451835,1.1800303444521236,6.429393644638446,4.950948853764158,462.35097199949473,3.0522758162259174,Akresi,SINTETIS - PURWARUPA
S079,2024,-8.561574599750374,122.03282516595682,7.73547126518231,2.0088768146758538,4.921321025556495,4.950948853764158,462.35097199949473,3.867735632591155,Akresi,SINTETIS - PURWARUPA
S079,2026,-8.561574599750374,122.03282516595682,6.116878286121361,1.4340946945352235,6.45493361169308,4.950948853764158,462.35097199949473,3.0584391430606805,Akresi,SINTETIS - PURWARUPA
S080,2020,-8.561390939580194,122.0330884824875,2.8619486220268358,1.6275871519524274,6.21226563388668,2.2459143277313194,342.6914148414454,1.4309743110134177,Akresi,SINTETIS - PURWARUPA
S080,2022,-8.561390939580194,122.0330884824875,1.1418078561708285,1.9072706804327064,5.050066372181037,2.2459143277313194,342.6914148414454,0.5709039280854142,Akresi,SINTETIS - PURWARUPA
S080,2024,-8.561390939580194,122.0330884824875,1.2772903455251272,1.1817397587596254,5.528026379337467,2.2459143277313194,342.6914148414454,0.6386451727625636,Akresi,SINTETIS - PURWARUPA
S080,2026,-8.561390939580194,122.0330884824875,0.8293191883070892,1.9670246081976177,5.936437780411556,2.2459143277313194,342.6914148414454,0.4146595941535446,Stabil,SINTETIS - PURWARUPA
S081,2020,-8.561173644257911,122.03324682899161,-4.977770494581904,1.4211639568410788,5.8005355603129125,0.4788461077020653,361.4174117307683,-2.488885247290952,Abrasi,SINTETIS - PURWARUPA
S081,2022,-8.561173644257911,122.03324682899161,-0.8587824654238394,1.3918682012023718,7.904211292481611,0.4788461077020653,361.4174117307683,-0.4293912327119197,Stabil,SINTETIS - PURWARUPA
S081,2024,-8.561173644257911,122.03324682899161,-1.425907212795709,1.459397290799984,4.973135307874075,0.4788461077020653,361.4174117307683,-0.7129536063978545,Abrasi,SINTETIS - PURWARUPA
S081,2026,-8.561173644257911,122.03324682899161,3.1481461835966726,0.6547807387799938,5.809168505105393,0.4788461077020653,361.4174117307683,1.5740730917983363,Akresi,SINTETIS - PURWARUPA
S082,2020,-8.561076721394882,122.0335121049471,1.239425401301921,1.418718569387665,2.998717414013831,1.7638030516498668,114.85083272677312,0.6197127006509605,Akresi,SINTETIS - PURWARUPA
S082,2022,-8.561076721394882,122.0335121049471,-5.779801812731206,1.6638492744767888,5.198676894355705,1.7638030516498668,114.85083272677312,-2.889900906365603,Abrasi,SINTETIS - PURWARUPA
S082,2024,-8.561076721394882,122.0335121049471,-5.128025050303881,1.0512534808991636,6.979482320923236,1.7638030516498668,114.85083272677312,-2.564012525151941,Abrasi,SINTETIS - PURWARUPA
S082,2026,-8.561076721394882,122.0335121049471,3.5404222644778827,1.278366805732268,4.083999065839289,1.7638030516498668,114.85083272677312,1.770211132238941,Akresi,SINTETIS - PURWARUPA
S083,2020,-8.56086970623363,122.03376406607448,1.613481855033589,1.3289703197136205,5.951253243547134,4.34819062875364,507.0716175622028,0.8067409275167945,Akresi,SINTETIS - PURWARUPA
S083,2022,-8.56086970623363,122.03376406607448,3.7029394823014994,1.8166447471528104,4.587389382314362,4.34819062875364,507.0716175622028,1.8514697411507497,Akresi,SINTETIS - PURWARUPA
S083,2024,-8.56086970623363,122.03376406607448,7.349019882629922,1.3922132718027762,3.624538785592181,4.34819062875364,507.0716175622028,3.674509941314961,Akresi,SINTETIS - PURWARUPA
S083,2026,-8.56086970623363,122.03376406607448,2.6494630530563907,1.7386131955237536,5.85152058819675,4.34819062875364,507.0716175622028,1.3247315265281954,Akresi,SINTETIS - PURWARUPA
S084,2020,-8.560673167093897,122.03399420832096,-2.8608889514118965,1.706790261428532,5.824114521036744,0.6830168510511383,99.53275806552006,-1.4304444757059482,Abrasi,SINTETIS - PURWARUPA
S084,2022,-8.560673167093897,122.03399420832096,-2.533095487453039,2.050823182668159,6.062263334207443,0.6830168510511383,99.53275806552006,-1.2665477437265196,Abrasi,SINTETIS - PURWARUPA
S084,2024,-8.560673167093897,122.03399420832096,-5.031627127882334,2.348760934526414,5.243434530291411,0.6830168510511383,99.53275806552006,-2.515813563941167,Abrasi,SINTETIS - PURWARUPA
S084,2026,-8.560673167093897,122.03399420832096,-2.383931172468811,1.5497287393864965,6.026789235266674,0.6830168510511383,99.53275806552006,-1.1919655862344054,Abrasi,SINTETIS - PURWARUPA
S085,2020,-8.560520424725654,122.03426124278654,1.4672536717982614,1.7205756057978594,5.369025818126398,3.9902652055820345,147.4800466037094,0.7336268358991307,Akresi,SINTETIS - PURWARUPA
S085,2022,-8.560520424725654,122.03426124278654,4.289265236651392,1.5967955051700726,3.949741278121972,3.9902652055820345,147.4800466037094,2.144632618325696,Akresi,SINTETIS - PURWARUPA
S085,2024,-8.560520424725654,122.03426124278654,1.542209168239168,2.0695341827061133,6.059413194636773,3.9902652055820345,147.4800466037094,0.771104584119584,Akresi,SINTETIS - PURWARUPA
S085,2026,-8.560520424725654,122.03426124278654,4.823473810786638,1.222513151850115,5.007592031985869,3.9902652055820345,147.4800466037094,2.411736905393319,Akresi,SINTETIS - PURWARUPA
S086,2020,-8.560320787011051,122.03443943679713,-3.597150819788222,1.2671097162001037,5.952337342834447,0.9001863451865253,370.68000705769873,-1.798575409894111,Abrasi,SINTETIS - PURWARUPA
S086,2022,-8.560320787011051,122.03443943679713,-0.5084895679374952,1.8650208733973024,6.994761952206248,0.9001863451865253,370.68000705769873,-0.2542447839687476,Stabil,SINTETIS - PURWARUPA
S086,2024,-8.560320787011051,122.03443943679713,1.49636415478601,0.8698358284722612,6.494945285279263,0.9001863451865253,370.68000705769873,0.748182077393005,Akresi,SINTETIS - PURWARUPA
S086,2026,-8.560320787011051,122.03443943679713,2.6462666061240774,0.8381550635036012,5.470843139475021,0.9001863451865253,370.68000705769873,1.3231333030620387,Akresi,SINTETIS - PURWARUPA
S087,2020,-8.560112770556852,122.03463726529489,3.7384642348315382,1.829111868468738,2.059534055460708,3.936847125271069,456.3055949154334,1.8692321174157691,Akresi,SINTETIS - PURWARUPA
S087,2022,-8.560112770556852,122.03463726529489,5.7304584170414765,1.342372140359617,3.3974817127276347,3.936847125271069,456.3055949154334,2.8652292085207383,Akresi,SINTETIS - PURWARUPA
S087,2024,-8.560112770556852,122.03463726529489,5.467182816898018,1.8370652203436773,4.196118568491292,3.936847125271069,456.3055949154334,2.733591408449009,Akresi,SINTETIS - PURWARUPA
S087,2026,-8.560112770556852,122.03463726529489,9.891981618740797,1.0794617829462467,4.693705571584388,3.936847125271069,456.3055949154334,4.945990809370398,Akresi,SINTETIS - PURWARUPA
S088,2020,-8.55996572954967,122.03486581382855,-0.4174250927903087,1.6109283562072745,5.281000188819686,0.6931728259085195,510.7244585952832,-0.2087125463951543,Stabil,SINTETIS - PURWARUPA
S088,2022,-8.55996572954967,122.03486581382855,-0.7040008354147168,0.9065631998682664,6.919036890103189,0.6931728259085195,510.7244585952832,-0.3520004177073584,Stabil,SINTETIS - PURWARUPA
S088,2024,-8.55996572954967,122.03486581382855,-0.541700890987749,1.3285756697330475,4.910013262041419,0.6931728259085195,510.7244585952832,-0.2708504454938745,Stabil,SINTETIS - PURWARUPA
S088,2026,-8.55996572954967,122.03486581382855,1.5273845686306888,1.6431347140699428,5.807088220125068,0.6931728259085195,510.7244585952832,0.7636922843153444,Akresi,SINTETIS - PURWARUPA
S089,2020,-8.559769716655751,122.03508734344823,5.75062801313867,0.8512243542493254,7.013124788275581,2.8717268841124426,562.1624577973369,2.875314006569335,Akresi,SINTETIS - PURWARUPA
S089,2022,-8.559769716655751,122.03508734344823,4.631747942553174,1.101744417912042,8.175128332667168,2.8717268841124426,562.1624577973369,2.315873971276587,Akresi,SINTETIS - PURWARUPA
S089,2024,-8.559769716655751,122.03508734344823,2.691051513084287,1.7398986523880189,5.533626624431052,2.8717268841124426,562.1624577973369,1.3455257565421437,Akresi,SINTETIS - PURWARUPA
S089,2026,-8.559769716655751,122.03508734344823,7.341143670645007,1.326706910536137,5.968636715583421,2.8717268841124426,562.1624577973369,3.670571835322504,Akresi,SINTETIS - PURWARUPA
S090,2020,-8.559584013388532,122.0352646041452,3.2909558609611334,1.629130834956725,6.394598687829979,4.736640593577469,378.9611044952709,1.645477930480567,Akresi,SINTETIS - PURWARUPA
S090,2022,-8.559584013388532,122.0352646041452,3.352688982025887,1.074853791504297,4.458167883231065,4.736640593577469,378.9611044952709,1.6763444910129437,Akresi,SINTETIS - PURWARUPA
S090,2024,-8.559584013388532,122.0352646041452,5.122105870697597,1.4829320140410824,5.399861460128088,4.736640593577469,378.9611044952709,2.5610529353487985,Akresi,SINTETIS - PURWARUPA
S090,2026,-8.559584013388532,122.0352646041452,11.73470210414622,0.5,4.003219036366997,4.736640593577469,378.9611044952709,5.86735105207311,Akresi,SINTETIS - PURWARUPA
S091,2020,-8.559429391595069,122.03552276520422,4.318869106084916,1.3495903189808631,5.848048475780242,1.413971855037116,451.4187675302924,2.159434553042458,Akresi,SINTETIS - PURWARUPA
S091,2022,-8.559429391595069,122.03552276520422,-1.775523773518994,1.930754035206291,5.132121254455531,1.413971855037116,451.4187675302924,-0.887761886759497,Abrasi,SINTETIS - PURWARUPA
S091,2024,-8.559429391595069,122.03552276520422,0.877906374371522,1.286059245968164,6.1118778981718425,1.413971855037116,451.4187675302924,0.438953187185761,Stabil,SINTETIS - PURWARUPA
S091,2026,-8.559429391595069,122.03552276520422,1.0966703708946706,1.2616645492487848,7.26061750085085,1.413971855037116,451.4187675302924,0.5483351854473353,Akresi,SINTETIS - PURWARUPA
S092,2020,-8.559160465142277,122.0357346697308,4.672154904099969,1.7370362006373066,4.630466738178731,6.177977591337092,300.02471917948776,2.3360774520499845,Akresi,SINTETIS - PURWARUPA
S092,2022,-8.559160465142277,122.0357346697308,6.622583690565411,1.5608970842552456,6.6862638909583785,6.177977591337092,300.02471917948776,3.3112918452827054,Akresi,SINTETIS - PURWARUPA
S092,2024,-8.559160465142277,122.0357346697308,7.000652604295497,0.949762332720706,3.867689960452808,6.177977591337092,300.02471917948776,3.5003263021477484,Akresi,SINTETIS - PURWARUPA
S092,2026,-8.559160465142277,122.0357346697308,12.381897799135242,0.7813322604712166,5.631382431336505,6.177977591337092,300.02471917948776,6.190948899567621,Akresi,SINTETIS - PURWARUPA
S093,2020,-8.559049855288675,122.03588413501116,0.0875876871874037,2.133599562578904,3.751434504496532,3.213859309498177,227.208140471435,0.0437938435937018,Stabil,SINTETIS - PURWARUPA
S093,2022,-8.559049855288675,122.03588413501116,1.9661387357692224,1.9970484381905973,6.039974009615857,3.213859309498177,227.208140471435,0.9830693678846112,Akresi,SINTETIS - PURWARUPA
S093,2024,-8.559049855288675,122.03588413501116,4.384826990256586,1.4401045529583574,5.895932246388718,3.213859309498177,227.208140471435,2.192413495128293,Akresi,SINTETIS - PURWARUPA
S093,2026,-8.559049855288675,122.03588413501116,1.1991542562487467,1.1166797883875317,6.55367029468984,3.213859309498177,227.208140471435,0.5995771281243734,Akresi,SINTETIS - PURWARUPA
S094,2020,-8.558859601775882,122.03617730968278,1.1040379849871085,1.1821109465670565,4.213958407765907,2.575560367711838,246.82406145440945,0.5520189924935542,Akresi,SINTETIS - PURWARUPA
S094,2022,-8.558859601775882,122.03617730968278,-0.1712175355223224,1.0136039776199184,5.887356956911898,2.575560367711838,246.82406145440945,-0.0856087677611612,Stabil,SINTETIS - PURWARUPA
S094,2024,-8.558859601775882,122.03617730968278,1.1103793919730196,1.649191958046868,4.082225118485416,2.575560367711838,246.82406145440945,0.5551896959865098,Akresi,SINTETIS - PURWARUPA
S094,2026,-8.558859601775882,122.03617730968278,3.279138116123038,1.1813888071246872,7.090176074649807,2.575560367711838,246.82406145440945,1.639569058061519,Akresi,SINTETIS - PURWARUPA
S095,2020,-8.558695804829142,122.03640690903713,-4.310143135818599,2.099129962231667,5.658815807683207,0.3392114790054679,243.96129745027292,-2.1550715679092995,Abrasi,SINTETIS - PURWARUPA
S095,2022,-8.558695804829142,122.03640690903713,-7.037035513284117,1.5918449328747686,6.574726291977215,0.3392114790054679,243.96129745027292,-3.5185177566420585,Abrasi,SINTETIS - PURWARUPA
S095,2024,-8.558695804829142,122.03640690903713,-1.6843354737926073,0.8111857313731405,5.752349549303376,0.3392114790054679,243.96129745027292,-0.8421677368963036,Abrasi,SINTETIS - PURWARUPA
S095,2026,-8.558695804829142,122.03640690903713,-5.445543196587709,1.8592088417769697,5.121790732137732,0.3392114790054679,243.96129745027292,-2.7227715982938543,Abrasi,SINTETIS - PURWARUPA
S096,2020,-8.558547493232574,122.03652945717329,3.7188848777423447,1.2514380515763357,6.794654846835686,3.148811694075631,223.62622218298637,1.8594424388711723,Akresi,SINTETIS - PURWARUPA
S096,2022,-8.558547493232574,122.03652945717329,4.79610042665918,1.340364051825361,2.938367599027773,3.148811694075631,223.62622218298637,2.39805021332959,Akresi,SINTETIS - PURWARUPA
S096,2024,-8.558547493232574,122.03652945717329,4.345864274032833,1.5943760799780011,5.871269884188334,3.148811694075631,223.62622218298637,2.1729321370164163,Akresi,SINTETIS - PURWARUPA
S096,2026,-8.558547493232574,122.03652945717329,1.5709378187042446,0.992310166238636,7.910506463422166,3.148811694075631,223.62622218298637,0.7854689093521223,Akresi,SINTETIS - PURWARUPA
S097,2020,-8.558306976127252,122.03678132702305,1.0827766270955022,1.3086850619497024,6.507907126159358,2.104602969094924,462.291610541547,0.5413883135477511,Akresi,SINTETIS - PURWARUPA
S097,2022,-8.558306976127252,122.03678132702305,0.4325521480707464,1.3632646453999395,7.136620389919227,2.104602969094924,462.291610541547,0.2162760740353732,Stabil,SINTETIS - PURWARUPA
S097,2024,-8.558306976127252,122.03678132702305,5.168832642599248,0.7767416623527853,4.536111889657954,2.104602969094924,462.291610541547,2.584416321299624,Akresi,SINTETIS - PURWARUPA
S097,2026,-8.558306976127252,122.03678132702305,2.0545155971296696,1.5384281872268777,3.6195300997174735,2.104602969094924,462.291610541547,1.0272577985648348,Akresi,SINTETIS - PURWARUPA
S098,2020,-8.558166904455543,122.03704098336604,0.3535643021682557,1.1449863301591654,6.425839911714303,1.4361296170976727,162.028044863273,0.1767821510841278,Stabil,SINTETIS - PURWARUPA
S098,2022,-8.558166904455543,122.03704098336604,-0.1052562666138212,1.3489663396689142,5.029552244955122,1.4361296170976727,162.028044863273,-0.0526281333069106,Stabil,SINTETIS - PURWARUPA
S098,2024,-8.558166904455543,122.03704098336604,-0.6414706939308552,1.1141987123905488,4.123801501399071,1.4361296170976727,162.028044863273,-0.3207353469654276,Stabil,SINTETIS - PURWARUPA
S098,2026,-8.558166904455543,122.03704098336604,2.1321206730809656,1.17781539260999,4.103831440249275,1.4361296170976727,162.028044863273,1.0660603365404828,Akresi,SINTETIS - PURWARUPA
S099,2020,-8.557947561344854,122.03722433450484,-0.98102845138133,1.519528039937881,5.484473478275694,3.53769306682405,219.208988662713,-0.4905142256906649,Stabil,SINTETIS - PURWARUPA
S099,2022,-8.557947561344854,122.03722433450484,5.895857730364484,0.958163745399992,5.535308290701967,3.53769306682405,219.208988662713,2.947928865182242,Akresi,SINTETIS - PURWARUPA
S099,2024,-8.557947561344854,122.03722433450484,7.479620794754878,0.6250344201349489,5.914871895761896,3.53769306682405,219.208988662713,3.739810397377439,Akresi,SINTETIS - PURWARUPA
S099,2026,-8.557947561344854,122.03722433450484,2.696727276598234,1.3464409433278253,6.160242995231729,3.53769306682405,219.208988662713,1.348363638299117,Akresi,SINTETIS - PURWARUPA
S100,2020,-8.557793033801046,122.03744332004834,-4.27550452720456,1.0552517752964452,4.953366585995884,0.2,381.98721217153854,-2.13775226360228,Abrasi,SINTETIS - PURWARUPA
S100,2022,-8.557793033801046,122.03744332004834,-2.086656510159462,0.9065106039206434,5.291394759886461,0.2,381.98721217153854,-1.043328255079731,Abrasi,SINTETIS - PURWARUPA
S100,2024,-8.557793033801046,122.03744332004834,-1.0007602733695289,1.5322898492981445,6.04304610277551,0.2,381.98721217153854,-0.5003801366847644,Abrasi,SINTETIS - PURWARUPA
S100,2026,-8.557793033801046,122.03744332004834,-3.577956129081739,1.4835102768249553,7.393321845918264,0.2,381.98721217153854,-1.7889780645408695,Abrasi,SINTETIS - PURWARUPA
S101,2020,-8.557611100861052,122.03774592814848,5.006994407483156,1.2906755954204454,7.129745315040712,5.396809714007055,50.95308909175981,2.503497203741578,Akresi,SINTETIS - PURWARUPA
S101,2022,-8.557611100861052,122.03774592814848,4.383303247578126,1.4683420610179203,5.238778367878412,5.396809714007055,50.95308909175981,2.191651623789063,Akresi,SINTETIS - PURWARUPA
S101,2024,-8.557611100861052,122.03774592814848,5.71290400560151,1.5008766720816131,5.19715105001862,5.396809714007055,50.95308909175981,2.856452002800755,Akresi,SINTETIS - PURWARUPA
S101,2026,-8.557611100861052,122.03774592814848,7.953604268219113,1.427509547140263,4.686314165807801,5.396809714007055,50.95308909175981,3.976802134109557,Akresi,SINTETIS - PURWARUPA
S102,2020,-8.557342025475615,122.0378786378547,3.650892136227425,1.602090902131737,5.555868967993433,3.98601878628497,143.57338759335323,1.8254460681137128,Akresi,SINTETIS - PURWARUPA
S102,2022,-8.557342025475615,122.0378786378547,4.551980717751143,1.8114273017780729,5.730905341321818,3.98601878628497,143.57338759335323,2.275990358875572,Akresi,SINTETIS - PURWARUPA
S102,2024,-8.557342025475615,122.0378786378547,5.693313049556675,0.5794957371739629,7.4085427574992275,3.98601878628497,143.57338759335323,2.846656524778337,Akresi,SINTETIS - PURWARUPA
S102,2026,-8.557342025475615,122.0378786378547,2.864177363509325,1.7772451745108135,4.036149106190174,3.98601878628497,143.57338759335323,1.4320886817546623,Akresi,SINTETIS - PURWARUPA
S103,2020,-8.557245074666243,122.03815143631721,4.381614265316458,0.7821728896440028,6.66858288606077,3.924602882014984,401.8321225301953,2.190807132658229,Akresi,SINTETIS - PURWARUPA
S103,2022,-8.557245074666243,122.03815143631721,6.18910469773223,1.3286763486064082,3.734661718738132,3.924602882014984,401.8321225301953,3.094552348866115,Akresi,SINTETIS - PURWARUPA
S103,2024,-8.557245074666243,122.03815143631721,3.456211709623767,0.555062252139137,6.278072813486455,3.924602882014984,401.8321225301953,1.7281058548118835,Akresi,SINTETIS - PURWARUPA
S103,2026,-8.557245074666243,122.03815143631721,7.993957975374146,1.4187102694161158,5.356997395206496,3.924602882014984,401.8321225301953,3.996978987687073,Akresi,SINTETIS - PURWARUPA
S104,2020,-8.557074812470137,122.03835112329705,1.064366563995916,1.5877039392133128,5.037244022172207,2.7400959560431954,428.20358762565286,0.5321832819979581,Akresi,SINTETIS - PURWARUPA
S104,2022,-8.557074812470137,122.03835112329705,-0.0807132439282445,0.8514880182950935,5.966169041021849,2.7400959560431954,428.20358762565286,-0.0403566219641222,Stabil,SINTETIS - PURWARUPA
S104,2024,-8.557074812470137,122.03835112329705,7.267532540680984,1.6631287630424096,5.654345910989519,2.7400959560431954,428.20358762565286,3.633766270340492,Akresi,SINTETIS - PURWARUPA
S104,2026,-8.557074812470137,122.03835112329705,8.341085187547506,1.014952556196493,5.376805490751241,2.7400959560431954,428.20358762565286,4.170542593773753,Akresi,SINTETIS - PURWARUPA
S105,2020,-8.556853711125859,122.03857106109233,2.765182079825561,1.498684553587955,4.661583476818205,3.835951142560172,250.2799098981122,1.3825910399127808,Akresi,SINTETIS - PURWARUPA
S105,2022,-8.556853711125859,122.03857106109233,5.5412164794866925,0.8406816686531502,5.662148142241699,3.835951142560172,250.2799098981122,2.7706082397433462,Akresi,SINTETIS - PURWARUPA
S105,2024,-8.556853711125859,122.03857106109233,7.207945622043224,1.3204032055746406,3.561938931298255,3.835951142560172,250.2799098981122,3.603972811021612,Akresi,SINTETIS - PURWARUPA
S105,2026,-8.556853711125859,122.03857106109233,4.433804447516666,1.5275837632974807,4.628781882758828,3.835951142560172,250.2799098981122,2.216902223758333,Akresi,SINTETIS - PURWARUPA
S106,2020,-8.55675447289715,122.03878118515004,0.7122382528424169,1.1761738131893835,6.268256391194511,2.693282980464291,421.9789137192212,0.3561191264212084,Stabil,SINTETIS - PURWARUPA
S106,2022,-8.55675447289715,122.03878118515004,3.973715573106947,1.486781646298156,5.330325397427438,2.693282980464291,421.9789137192212,1.9868577865534736,Akresi,SINTETIS - PURWARUPA
S106,2024,-8.55675447289715,122.03878118515004,1.5392403463220932,1.2128160316235046,3.612966099997071,2.693282980464291,421.9789137192212,0.7696201731610466,Akresi,SINTETIS - PURWARUPA
S106,2026,-8.55675447289715,122.03878118515004,5.646630509480924,1.213842877120035,4.001128035186337,2.693282980464291,421.9789137192212,2.823315254740462,Akresi,SINTETIS - PURWARUPA
S107,2020,-8.556543425860012,122.03910318565036,-0.3936809496645288,1.0052164417730158,4.907918391540786,0.893428107294302,278.5086450193722,-0.1968404748322644,Stabil,SINTETIS - PURWARUPA
S107,2022,-8.556543425860012,122.03910318565036,4.356984331884373,0.5861200187939996,5.784191340145633,0.893428107294302,278.5086450193722,2.1784921659421865,Akresi,SINTETIS - PURWARUPA
S107,2024,-8.556543425860012,122.03910318565036,1.8472141850680115,1.2412965955709925,5.811769428166612,0.893428107294302,278.5086450193722,0.9236070925340056,Akresi,SINTETIS - PURWARUPA
S107,2026,-8.556543425860012,122.03910318565036,-3.8229905588673447,1.342616274990551,4.80284777376222,0.893428107294302,278.5086450193722,-1.9114952794336724,Abrasi,SINTETIS - PURWARUPA
S108,2020,-8.556330223093486,122.03924855240159,1.83281921218448,1.1957118751178364,4.8658886426613694,1.9809742229177572,267.7235394388771,0.91640960609224,Akresi,SINTETIS - PURWARUPA
S108,2022,-8.556330223093486,122.03924855240159,-1.7449152095733569,0.9315661560366544,6.75677834328851,1.9809742229177572,267.7235394388771,-0.8724576047866784,Abrasi,SINTETIS - PURWARUPA
S108,2024,-8.556330223093486,122.03924855240159,3.0120515773463663,1.1680545070756576,7.807535432879892,1.9809742229177572,267.7235394388771,1.5060257886731832,Akresi,SINTETIS - PURWARUPA
S108,2026,-8.556330223093486,122.03924855240159,1.359639543173301,1.434161397373404,4.3713637413985404,1.9809742229177572,267.7235394388771,0.6798197715866505,Akresi,SINTETIS - PURWARUPA
S109,2020,-8.55616725455563,122.03947307315084,1.9203594284074248,1.32496871160321,3.769625517231985,3.363693605561056,245.6834480282142,0.9601797142037124,Akresi,SINTETIS - PURWARUPA
S109,2022,-8.55616725455563,122.03947307315084,2.3651725370397205,1.7201184188953962,3.857998842938659,3.363693605561056,245.6834480282142,1.1825862685198605,Akresi,SINTETIS - PURWARUPA
S109,2024,-8.55616725455563,122.03947307315084,3.203458492155479,1.1130861249302044,5.633620515277734,3.363693605561056,245.6834480282142,1.6017292460777397,Akresi,SINTETIS - PURWARUPA
S109,2026,-8.55616725455563,122.03947307315084,0.0748892041628908,1.917087782741134,6.107899785028304,3.363693605561056,245.6834480282142,0.0374446020814454,Stabil,SINTETIS - PURWARUPA
S110,2020,-8.55596931597472,122.03966870789819,-0.6165693906950758,1.2278884030944528,6.571426979587546,2.6345054429337,293.93466281499707,-0.3082846953475379,Stabil,SINTETIS - PURWARUPA
S110,2022,-8.55596931597472,122.03966870789819,1.435698991255158,1.1833687065930227,4.712354927742269,2.6345054429337,293.93466281499707,0.7178494956275789,Akresi,SINTETIS - PURWARUPA
S110,2024,-8.55596931597472,122.03966870789819,4.6699077716566695,1.7847170444417344,6.254555552332364,2.6345054429337,293.93466281499707,2.3349538858283347,Akresi,SINTETIS - PURWARUPA
S110,2026,-8.55596931597472,122.03966870789819,2.0872867748495225,2.193675471364739,4.263139561681192,2.6345054429337,293.93466281499707,1.0436433874247613,Akresi,SINTETIS - PURWARUPA
S111,2020,-8.555844738824566,122.03988861927604,-1.404774826371138,1.0318394544855551,5.326858745775694,2.554876234616496,101.9983176206416,-0.702387413185569,Abrasi,SINTETIS - PURWARUPA
S111,2022,-8.555844738824566,122.03988861927604,6.3070823377312255,1.6947444356981711,4.398695755098983,2.554876234616496,101.9983176206416,3.1535411688656128,Akresi,SINTETIS - PURWARUPA
S111,2024,-8.555844738824566,122.03988861927604,-0.7412106224557342,1.2420154421624616,5.586421170300462,2.554876234616496,101.9983176206416,-0.3706053112278671,Stabil,SINTETIS - PURWARUPA
S111,2026,-8.555844738824566,122.03988861927604,0.9164059659493284,1.9971321153446733,6.8434008169634994,2.554876234616496,101.9983176206416,0.4582029829746643,Stabil,SINTETIS - PURWARUPA
S112,2020,-8.55566985689153,122.04013826746022,-5.174883913701294,1.6832181561486104,5.614526846185283,1.8178534309741177,454.7297368862705,-2.587441956850647,Abrasi,SINTETIS - PURWARUPA
S112,2022,-8.55566985689153,122.04013826746022,3.884091113053505,1.0558044074693391,6.325313357919847,1.8178534309741177,454.7297368862705,1.9420455565267525,Akresi,SINTETIS - PURWARUPA
S112,2024,-8.55566985689153,122.04013826746022,2.381215317090924,1.788209434022246,3.589584397310253,1.8178534309741177,454.7297368862705,1.190607658545462,Akresi,SINTETIS - PURWARUPA
S112,2026,-8.55566985689153,122.04013826746022,2.570229895079754,1.7554303257690251,3.509997321301306,1.8178534309741177,454.7297368862705,1.285114947539877,Akresi,SINTETIS - PURWARUPA
S113,2020,-8.555441237543118,122.04034292451632,-3.177537965702156,1.2854430994107415,5.322313114542695,0.7217572168981974,204.402264589678,-1.5887689828510778,Abrasi,SINTETIS - PURWARUPA
S113,2022,-8.555441237543118,122.04034292451632,-0.4351094342014516,1.2449457463654865,5.452352461183627,0.7217572168981974,204.402264589678,-0.2175547171007258,Stabil,SINTETIS - PURWARUPA
S113,2024,-8.555441237543118,122.04034292451632,-0.3422522893769018,1.2934506330001665,5.008421285958398,0.7217572168981974,204.402264589678,-0.1711261446884509,Stabil,SINTETIS - PURWARUPA
S113,2026,-8.555441237543118,122.04034292451632,0.937800705386912,0.7276794259366864,6.07244215267175,0.7217572168981974,204.402264589678,0.468900352693456,Stabil,SINTETIS - PURWARUPA
S114,2020,-8.555268262009271,122.0406007694831,-3.2283892448616425,1.4958313458632315,5.491459773845781,0.5707767049276278,20.0,-1.6141946224308212,Abrasi,SINTETIS - PURWARUPA
S114,2022,-8.555268262009271,122.0406007694831,-0.799392722340335,1.238255523689644,6.297224409087917,0.5707767049276278,20.0,-0.3996963611701675,Stabil,SINTETIS - PURWARUPA
S114,2024,-8.555268262009271,122.0406007694831,-6.408955046148803,1.5693938028830343,5.187005849914501,0.5707767049276278,20.0,-3.2044775230744014,Abrasi,SINTETIS - PURWARUPA
S114,2026,-8.555268262009271,122.0406007694831,-1.224685808093925,1.6692326728129947,6.966074399461111,0.5707767049276278,20.0,-0.6123429040469623,Abrasi,SINTETIS - PURWARUPA
S115,2020,-8.555115842087888,122.04081216128569,7.474642617471231,1.0933615265202148,5.228254498547034,4.790794561942168,468.234274691872,3.737321308735616,Akresi,SINTETIS - PURWARUPA
S115,2022,-8.555115842087888,122.04081216128569,7.271592118028671,1.420093525003355,4.159206877538471,4.790794561942168,468.234274691872,3.635796059014336,Akresi,SINTETIS - PURWARUPA
S115,2024,-8.555115842087888,122.04081216128569,6.529308830178427,1.602531571835308,5.605555475597202,4.790794561942168,468.234274691872,3.2646544150892134,Akresi,SINTETIS - PURWARUPA
S115,2026,-8.555115842087888,122.04081216128569,4.882756949460944,1.3094529344099943,7.273934722859271,4.790794561942168,468.234274691872,2.441378474730472,Akresi,SINTETIS - PURWARUPA
S116,2020,-8.55492707243795,122.04101227701928,5.690653033231879,0.9413961375820964,3.0547257907183387,4.818431041551339,40.36775618676487,2.8453265166159394,Akresi,SINTETIS - PURWARUPA
S116,2022,-8.55492707243795,122.04101227701928,6.607469609671332,1.0085929639777096,5.0385398679785,4.818431041551339,40.36775618676487,3.303734804835666,Akresi,SINTETIS - PURWARUPA
S116,2024,-8.55492707243795,122.04101227701928,4.686380478447132,1.1754600477260035,5.777538427292037,4.818431041551339,40.36775618676487,2.343190239223566,Akresi,SINTETIS - PURWARUPA
S116,2026,-8.55492707243795,122.04101227701928,3.457996119887799,1.6352400102837528,6.070153680817611,4.818431041551339,40.36775618676487,1.7289980599438994,Akresi,SINTETIS - PURWARUPA
S117,2020,-8.55473451236767,122.04126325975581,5.312695705204815,1.6294663214099838,4.198467253076514,4.090065305381145,54.42531191484159,2.656347852602408,Akresi,SINTETIS - PURWARUPA
S117,2022,-8.55473451236767,122.04126325975581,2.47617715946806,1.7584345939443586,5.847862571102081,4.090065305381145,54.42531191484159,1.23808857973403,Akresi,SINTETIS - PURWARUPA
S117,2024,-8.55473451236767,122.04126325975581,2.859801300730174,1.326838710390403,6.314228741680034,4.090065305381145,54.42531191484159,1.429900650365087,Akresi,SINTETIS - PURWARUPA
S117,2026,-8.55473451236767,122.04126325975581,2.730959290904797,1.4824494547239628,6.5463212398233415,4.090065305381145,54.42531191484159,1.3654796454523987,Akresi,SINTETIS - PURWARUPA
S118,2020,-8.554567938597266,122.04141611648944,0.0821412759711437,1.655440076155435,7.670697450499325,1.9032908808107416,20.0,0.0410706379855718,Stabil,SINTETIS - PURWARUPA
S118,2022,-8.554567938597266,122.04141611648944,3.17514164274637,0.8308704289807192,6.36982560586744,1.9032908808107416,20.0,1.587570821373185,Akresi,SINTETIS - PURWARUPA
S118,2024,-8.554567938597266,122.04141611648944,-3.548558619694409,1.2401165067414677,5.621736916780059,1.9032908808107416,20.0,-1.7742793098472045,Abrasi,SINTETIS - PURWARUPA
S118,2026,-8.554567938597266,122.04141611648944,1.6384708496729494,1.4933576587918245,4.223728324678339,1.9032908808107416,20.0,0.8192354248364747,Akresi,SINTETIS - PURWARUPA
S119,2020,-8.554416288902733,122.0416882332006,5.772105460976231,1.002077096506348,2.9127723489400226,5.036769013140034,140.35481935987653,2.886052730488116,Akresi,SINTETIS - PURWARUPA
S119,2022,-8.554416288902733,122.0416882332006,7.15666502315269,1.1964421230014382,3.6387767051823343,5.036769013140034,140.35481935987653,3.578332511576345,Akresi,SINTETIS - PURWARUPA
S119,2024,-8.554416288902733,122.0416882332006,5.483479498886872,1.2425103663473729,4.209116849625721,5.036769013140034,140.35481935987653,2.741739749443436,Akresi,SINTETIS - PURWARUPA
S119,2026,-8.554416288902733,122.0416882332006,4.954707130862957,1.774956588625365,6.223524332506266,5.036769013140034,140.35481935987653,2.4773535654314784,Akresi,SINTETIS - PURWARUPA
S120,2020,-8.554170879664513,122.04185712009519,0.9709484476554088,1.2355572220254456,6.022550003148901,3.5485551510905458,270.6251262681059,0.4854742238277044,Stabil,SINTETIS - PURWARUPA
S120,2022,-8.554170879664513,122.04185712009519,-3.419696696191344,1.578437247721641,6.162230525837551,3.5485551510905458,270.6251262681059,-1.709848348095672,Abrasi,SINTETIS - PURWARUPA
S120,2024,-8.554170879664513,122.04185712009519,3.231555304002256,1.8166069962285407,2.0,3.5485551510905458,270.6251262681059,1.615777652001128,Akresi,SINTETIS - PURWARUPA
S120,2026,-8.554170879664513,122.04185712009519,0.9546336271360594,1.7588718119902145,5.119255929697071,3.5485551510905458,270.6251262681059,0.4773168135680297,Stabil,SINTETIS - PURWARUPA
S121,2020,-8.554042264926919,122.04214275462628,-2.2142839066819078,1.3807142653351987,4.06912560346908,0.6177432041770428,408.0587541346824,-1.1071419533409537,Abrasi,SINTETIS - PURWARUPA
S121,2022,-8.554042264926919,122.04214275462628,0.7459808969323325,1.0439714806144256,6.5394702410302346,0.6177432041770428,408.0587541346824,0.3729904484661662,Stabil,SINTETIS - PURWARUPA
S121,2024,-8.554042264926919,122.04214275462628,-0.5190533643815591,0.7982936031433836,5.015689457776799,0.6177432041770428,408.0587541346824,-0.2595266821907795,Stabil,SINTETIS - PURWARUPA
S121,2026,-8.554042264926919,122.04214275462628,3.307133200666578,1.8527284889607796,3.879881058248295,0.6177432041770428,408.0587541346824,1.653566600333289,Akresi,SINTETIS - PURWARUPA
S122,2020,-8.553830451657253,122.04229708942168,-1.3549460285387491,0.9538835592945728,5.613792231676451,2.4840887239860834,137.77336229241692,-0.6774730142693746,Abrasi,SINTETIS - PURWARUPA
S122,2022,-8.553830451657253,122.04229708942168,-0.8511697103019458,0.6368718269416339,5.0443882349821925,2.4840887239860834,137.77336229241692,-0.4255848551509729,Stabil,SINTETIS - PURWARUPA
S122,2024,-8.553830451657253,122.04229708942168,0.8982826917535753,1.1367436961763675,4.409076533675973,2.4840887239860834,137.77336229241692,0.4491413458767876,Stabil,SINTETIS - PURWARUPA
S122,2026,-8.553830451657253,122.04229708942168,1.1901735910420783,2.100337085556553,5.567693880603485,2.4840887239860834,137.77336229241692,0.5950867955210392,Akresi,SINTETIS - PURWARUPA
S123,2020,-8.553702744763958,122.04253232855989,1.5655056157757024,1.7178219952312948,4.056764096918764,3.822953944912268,106.56595219217913,0.7827528078878512,Akresi,SINTETIS - PURWARUPA
S123,2022,-8.553702744763958,122.04253232855989,1.96953658363244,1.1948819260085544,5.697184791258299,3.822953944912268,106.56595219217913,0.9847682918162198,Akresi,SINTETIS - PURWARUPA
S123,2024,-8.553702744763958,122.04253232855989,2.4553129482504774,1.305187230525172,5.216643889866417,3.822953944912268,106.56595219217913,1.2276564741252387,Akresi,SINTETIS - PURWARUPA
S123,2026,-8.553702744763958,122.04253232855989,3.608510228967025,1.569782853973989,5.78606604980491,3.822953944912268,106.56595219217913,1.8042551144835124,Akresi,SINTETIS - PURWARUPA
S124,2020,-8.55348236656507,122.0427958437748,-2.1702332141970837,1.436641510460844,7.53590401956502,3.146248634278728,207.0623797043688,-1.0851166070985416,Abrasi,SINTETIS - PURWARUPA
S124,2022,-8.55348236656507,122.0427958437748,3.0713162695366423,1.669449912569374,3.228194606514274,3.146248634278728,207.0623797043688,1.5356581347683211,Akresi,SINTETIS - PURWARUPA
S124,2024,-8.55348236656507,122.0427958437748,1.771802710271958,1.951278989663056,6.086402229360768,3.146248634278728,207.0623797043688,0.885901355135979,Akresi,SINTETIS - PURWARUPA
S124,2026,-8.55348236656507,122.0427958437748,3.517902305571277,1.2038426859189235,5.537256640586265,3.146248634278728,207.0623797043688,1.7589511527856383,Akresi,SINTETIS - PURWARUPA
S125,2020,-8.553313032113305,122.04298325118542,4.42829173753107,1.1178013627603605,3.8677078748893914,3.797571740939659,142.58961040571037,2.214145868765535,Akresi,SINTETIS - PURWARUPA
S125,2022,-8.553313032113305,122.04298325118542,4.3768186609812725,1.590863141688471,5.777992533083821,3.797571740939659,142.58961040571037,2.188409330490636,Akresi,SINTETIS - PURWARUPA
S125,2024,-8.553313032113305,122.04298325118542,4.0198040916717535,1.4307536729782546,5.970413124838908,3.797571740939659,142.58961040571037,2.0099020458358767,Akresi,SINTETIS - PURWARUPA
S125,2026,-8.553313032113305,122.04298325118542,9.17690806085215,1.3679609932036272,4.863013806244423,3.797571740939659,142.58961040571037,4.588454030426075,Akresi,SINTETIS - PURWARUPA
S126,2020,-8.553123011344463,122.04319197112257,3.714716132339327,0.9083229583363852,6.847213905476487,4.151014735175161,285.25961814130073,1.857358066169664,Akresi,SINTETIS - PURWARUPA
S126,2022,-8.553123011344463,122.04319197112257,5.592486713602781,1.0111741166744976,6.926540937224649,4.151014735175161,285.25961814130073,2.7962433568013907,Akresi,SINTETIS - PURWARUPA
S126,2024,-8.553123011344463,122.04319197112257,6.159275385638569,0.95741030281823,7.632619408309269,4.151014735175161,285.25961814130073,3.079637692819285,Akresi,SINTETIS - PURWARUPA
S126,2026,-8.553123011344463,122.04319197112257,4.995390470500265,1.396431359531234,7.408262566746135,4.151014735175161,285.25961814130073,2.4976952352501325,Akresi,SINTETIS - PURWARUPA
S127,2020,-8.552930295307322,122.0434121384504,4.583487347743994,1.405138048961399,4.5520163753588765,4.372775658960618,316.7244154253572,2.291743673871997,Akresi,SINTETIS - PURWARUPA
S127,2022,-8.552930295307322,122.0434121384504,2.4385352105433613,1.3755704249832517,3.899830817518959,4.372775658960618,316.7244154253572,1.2192676052716809,Akresi,SINTETIS - PURWARUPA
S127,2024,-8.552930295307322,122.0434121384504,6.689011358405328,1.5978036825834192,2.377734021937973,4.372775658960618,316.7244154253572,3.344505679202664,Akresi,SINTETIS - PURWARUPA
S127,2026,-8.552930295307322,122.0434121384504,4.68307308448596,1.232670929786161,7.069895928255892,4.372775658960618,316.7244154253572,2.34153654224298,Akresi,SINTETIS - PURWARUPA
S128,2020,-8.55272966828864,122.04364004003864,0.7612565354097962,1.238105499286397,6.695865861398085,3.670622230229215,353.15711432880715,0.3806282677048981,Stabil,SINTETIS - PURWARUPA
S128,2022,-8.55272966828864,122.04364004003864,4.2256370701872505,1.5031074948954326,6.607167667345424,3.670622230229215,353.15711432880715,2.1128185350936253,Akresi,SINTETIS - PURWARUPA
S128,2024,-8.55272966828864,122.04364004003864,0.5089201992462877,2.0707557068573936,4.583872819227207,3.670622230229215,353.15711432880715,0.2544600996231438,Stabil,SINTETIS - PURWARUPA
S128,2026,-8.55272966828864,122.04364004003864,6.435468941825817,1.051982712026708,6.292531079858124,3.670622230229215,353.15711432880715,3.2177344709129083,Akresi,SINTETIS - PURWARUPA
S129,2020,-8.552566385115277,122.0438382587424,1.6971411947228034,1.8056323538319148,8.928926107767838,4.650300939993591,78.54133112892436,0.8485705973614017,Akresi,SINTETIS - PURWARUPA
S129,2022,-8.552566385115277,122.0438382587424,0.2963711970789502,1.60408784748021,4.908568277325329,4.650300939993591,78.54133112892436,0.1481855985394751,Stabil,SINTETIS - PURWARUPA
S129,2024,-8.552566385115277,122.0438382587424,2.9598950154020067,1.189048222939422,4.188525710681501,4.650300939993591,78.54133112892436,1.4799475077010034,Akresi,SINTETIS - PURWARUPA
S129,2026,-8.552566385115277,122.0438382587424,4.785459074662842,2.002825979698477,5.827435021630928,4.650300939993591,78.54133112892436,2.392729537331421,Akresi,SINTETIS - PURWARUPA
S130,2020,-8.552398723486023,122.04408676132141,3.554715057998247,1.5857428783086565,5.264794842585981,4.946826023359,245.47280338266984,1.7773575289991237,Akresi,SINTETIS - PURWARUPA
S130,2022,-8.552398723486023,122.04408676132141,6.8699974499639564,0.9075800420393484,3.1267011251594465,4.946826023359,245.47280338266984,3.4349987249819782,Akresi,SINTETIS - PURWARUPA
S130,2024,-8.552398723486023,122.04408676132141,6.523870887823771,1.4197738421976314,3.956643955949451,4.946826023359,245.47280338266984,3.2619354439118853,Akresi,SINTETIS - PURWARUPA
S130,2026,-8.552398723486023,122.04408676132141,5.934418381715453,1.4188133970466756,2.9127903927287453,4.946826023359,245.47280338266984,2.9672091908577265,Akresi,SINTETIS - PURWARUPA
S131,2020,-8.552197234898255,122.04432355921577,-1.8325334264900923,1.7578425288761652,6.4324875507890775,1.769487625400359,272.1827270699629,-0.9162667132450462,Abrasi,SINTETIS - PURWARUPA
S131,2022,-8.552197234898255,122.04432355921577,1.9007384575400776,1.2362082903364977,4.744786618798595,1.769487625400359,272.1827270699629,0.9503692287700388,Akresi,SINTETIS - PURWARUPA
S131,2024,-8.552197234898255,122.04432355921577,0.7385505125475176,1.4682863906000108,6.25528480732264,1.769487625400359,272.1827270699629,0.3692752562737588,Stabil,SINTETIS - PURWARUPA
S131,2026,-8.552197234898255,122.04432355921577,2.5527603316191096,1.6865673826216043,5.61351103954924,1.769487625400359,272.1827270699629,1.2763801658095548,Akresi,SINTETIS - PURWARUPA
S132,2020,-8.552003328131956,122.04450781165497,-1.9296335466395984,1.4898305557492917,3.4426169254046544,0.7877839296938811,466.0889998420374,-0.9648167733197992,Abrasi,SINTETIS - PURWARUPA
S132,2022,-8.552003328131956,122.04450781165497,-1.9976302680729008,1.6701560023294395,5.164387802640529,0.7877839296938811,466.0889998420374,-0.9988151340364504,Abrasi,SINTETIS - PURWARUPA
S132,2024,-8.552003328131956,122.04450781165497,-1.9396404020250348,1.8903086511095384,4.243255424339427,0.7877839296938811,466.0889998420374,-0.9698202010125174,Abrasi,SINTETIS - PURWARUPA
S132,2026,-8.552003328131956,122.04450781165497,1.4888831064635597,1.4739852662668935,5.968545918464659,0.7877839296938811,466.0889998420374,0.7444415532317799,Akresi,SINTETIS - PURWARUPA
S133,2020,-8.551822115673732,122.0447579048125,3.598214389152574,1.42194440613285,5.629041016064361,4.234075908407614,213.7107036958884,1.799107194576287,Akresi,SINTETIS - PURWARUPA
S133,2022,-8.551822115673732,122.0447579048125,3.168163953947167,1.670388932653966,6.166174818333797,4.234075908407614,213.7107036958884,1.5840819769735834,Akresi,SINTETIS - PURWARUPA
S133,2024,-8.551822115673732,122.0447579048125,5.204813227494984,1.116805905270636,5.581205509675251,4.234075908407614,213.7107036958884,2.602406613747492,Akresi,SINTETIS - PURWARUPA
S133,2026,-8.551822115673732,122.0447579048125,2.9865452288412846,1.4676135529346193,8.147830368568481,4.234075908407614,213.7107036958884,1.4932726144206423,Akresi,SINTETIS - PURWARUPA
S134,2020,-8.551656784144495,122.04500400131589,2.30786844536938,1.267686247893983,5.888907066784056,3.6470028711490734,577.2983166841032,1.1539342226846898,Akresi,SINTETIS - PURWARUPA
S134,2022,-8.551656784144495,122.04500400131589,6.3182557196365305,1.2769663426998474,5.79872069247599,3.6470028711490734,577.2983166841032,3.1591278598182653,Akresi,SINTETIS - PURWARUPA
S134,2024,-8.551656784144495,122.04500400131589,4.073842198550677,1.511683191908251,7.010937819201683,3.6470028711490734,577.2983166841032,2.0369210992753386,Akresi,SINTETIS - PURWARUPA
S134,2026,-8.551656784144495,122.04500400131589,5.473490969504158,1.283741014556348,8.744782128735263,3.6470028711490734,577.2983166841032,2.736745484752079,Akresi,SINTETIS - PURWARUPA
S135,2020,-8.551511037261447,122.04517111954102,0.5918244742013412,1.2724679474873652,5.652834970787783,2.0859801282029893,381.1197098199504,0.2959122371006706,Stabil,SINTETIS - PURWARUPA
S135,2022,-8.551511037261447,122.04517111954102,-1.0501048718385957,1.656022342779327,4.483907088539176,2.0859801282029893,381.1197098199504,-0.5250524359192977,Abrasi,SINTETIS - PURWARUPA
S135,2024,-8.551511037261447,122.04517111954102,2.074884730332094,1.478504057513558,6.221151141639877,2.0859801282029893,381.1197098199504,1.037442365166047,Akresi,SINTETIS - PURWARUPA
S135,2026,-8.551511037261447,122.04517111954102,1.3767627468889057,1.1166911948159353,6.312981810509672,2.0859801282029893,381.1197098199504,0.6883813734444528,Akresi,SINTETIS - PURWARUPA
S136,2020,-8.551325098974411,122.04538362884814,10.20845552952798,1.6117476814876055,6.996653705370941,5.451737522978046,338.67901574382887,5.10422776476399,Akresi,SINTETIS - PURWARUPA
S136,2022,-8.551325098974411,122.04538362884814,6.904973385075599,0.8017708636314456,4.61394810294747,5.451737522978046,338.67901574382887,3.4524866925377995,Akresi,SINTETIS - PURWARUPA
S136,2024,-8.551325098974411,122.04538362884814,7.760216034570137,1.1022131321660575,4.206900102875545,5.451737522978046,338.67901574382887,3.880108017285069,Akresi,SINTETIS - PURWARUPA
S136,2026,-8.551325098974411,122.04538362884814,8.681754724900056,0.974188699648708,5.902050841044896,5.451737522978046,338.67901574382887,4.340877362450028,Akresi,SINTETIS - PURWARUPA
S137,2020,-8.551115021955123,122.04564717930744,-2.001735284575197,2.142400190921784,5.781317339778517,4.4045102801400144,197.72274884465648,-1.0008676422875986,Abrasi,SINTETIS - PURWARUPA
S137,2022,-8.551115021955123,122.04564717930744,5.929477640220274,1.0491684889818238,3.411396413166621,4.4045102801400144,197.72274884465648,2.964738820110137,Akresi,SINTETIS - PURWARUPA
S137,2024,-8.551115021955123,122.04564717930744,9.251699567790451,1.357368171581333,4.9378891625206505,4.4045102801400144,197.72274884465648,4.625849783895227,Akresi,SINTETIS - PURWARUPA
S137,2026,-8.551115021955123,122.04564717930744,2.906150539498201,1.5921440059269187,6.3713180337356015,4.4045102801400144,197.72274884465648,1.4530752697491005,Akresi,SINTETIS - PURWARUPA
S138,2020,-8.550979427161806,122.04585305161886,1.4411562864655332,1.336892542002663,5.516886499448206,3.759510709478339,20.0,0.7205781432327666,Akresi,SINTETIS - PURWARUPA
S138,2022,-8.550979427161806,122.04585305161886,3.0041583637641067,1.1153133556786632,4.852557781694632,3.759510709478339,20.0,1.5020791818820534,Akresi,SINTETIS - PURWARUPA
S138,2024,-8.550979427161806,122.04585305161886,4.905426072310043,1.4317800082635166,6.225749899060681,3.759510709478339,20.0,2.4527130361550213,Akresi,SINTETIS - PURWARUPA
S138,2026,-8.550979427161806,122.04585305161886,5.188500575252231,1.2969782967654624,4.952612564661571,3.759510709478339,20.0,2.5942502876261155,Akresi,SINTETIS - PURWARUPA
S139,2020,-8.550751127467576,122.04605892144089,1.0027879902613963,1.852090262980536,7.633985088063786,4.685590215449258,387.14194776183626,0.5013939951306983,Akresi,SINTETIS - PURWARUPA
S139,2022,-8.550751127467576,122.04605892144089,5.177573421341032,1.4048643732663788,5.5135332359423925,4.685590215449258,387.14194776183626,2.588786710670516,Akresi,SINTETIS - PURWARUPA
S139,2024,-8.550751127467576,122.04605892144089,7.578006957668747,1.1727579781364523,3.7173255961227145,4.685590215449258,387.14194776183626,3.7890034788343736,Akresi,SINTETIS - PURWARUPA
S139,2026,-8.550751127467576,122.04605892144089,5.747622430616625,1.131075519158231,5.60319217689715,4.685590215449258,387.14194776183626,2.8738112153083124,Akresi,SINTETIS - PURWARUPA
S140,2020,-8.550622442565443,122.04629897640469,2.068921655408143,2.1650523182461687,5.832747437453016,3.726382290209744,331.0994759849306,1.0344608277040714,Akresi,SINTETIS - PURWARUPA
S140,2022,-8.550622442565443,122.04629897640469,8.321920702939462,1.022853534896436,3.955711071356351,3.726382290209744,331.0994759849306,4.160960351469731,Akresi,SINTETIS - PURWARUPA
S140,2024,-8.550622442565443,122.04629897640469,5.528220954983917,1.0767820770233436,4.24726711423763,3.726382290209744,331.0994759849306,2.7641104774919585,Akresi,SINTETIS - PURWARUPA
S140,2026,-8.550622442565443,122.04629897640469,4.978464802629079,1.368432655317914,4.41699219226805,3.726382290209744,331.0994759849306,2.4892324013145397,Akresi,SINTETIS - PURWARUPA
S141,2020,-8.550372571543537,122.0464877676456,-3.780284134070776,1.5723039191783128,4.755377655221606,1.4094912734507423,381.9631069259709,-1.890142067035388,Abrasi,SINTETIS - PURWARUPA
S141,2022,-8.550372571543537,122.0464877676456,3.062283025349009,1.1393818252465029,5.434354675780875,1.4094912734507423,381.9631069259709,1.5311415126745045,Akresi,SINTETIS - PURWARUPA
S141,2024,-8.550372571543537,122.0464877676456,3.022136641680699,1.03719630879562,5.398576142186232,1.4094912734507423,381.9631069259709,1.5110683208403497,Akresi,SINTETIS - PURWARUPA
S141,2026,-8.550372571543537,122.0464877676456,0.4384686420190693,0.5665564309573278,6.740543401526679,1.4094912734507423,381.9631069259709,0.2192343210095346,Stabil,SINTETIS - PURWARUPA
S142,2020,-8.550219492950264,122.04673934794836,7.687229723616491,0.5679483278945066,4.558264903412811,5.126879587195767,327.12941332509564,3.843614861808245,Akresi,SINTETIS - PURWARUPA
S142,2022,-8.550219492950264,122.04673934794836,7.3274828223966,1.3317570398580745,6.073132875708125,5.126879587195767,327.12941332509564,3.6637414111983,Akresi,SINTETIS - PURWARUPA
S142,2024,-8.550219492950264,122.04673934794836,2.511051602501207,1.6129581077503876,5.242870068934642,5.126879587195767,327.12941332509564,1.2555258012506034,Akresi,SINTETIS - PURWARUPA
S142,2026,-8.550219492950264,122.04673934794836,5.201512249335827,1.240581562900814,5.999641777766747,5.126879587195767,327.12941332509564,2.6007561246679134,Akresi,SINTETIS - PURWARUPA
S143,2020,-8.550030514573162,122.04697919925279,0.501991050721071,0.9526690730508688,7.763426990267298,3.690300464443764,20.0,0.2509955253605355,Stabil,SINTETIS - PURWARUPA
S143,2022,-8.550030514573162,122.04697919925279,3.216948618319148,0.7055498719048514,6.982296865972327,3.690300464443764,20.0,1.608474309159574,Akresi,SINTETIS - PURWARUPA
S143,2024,-8.550030514573162,122.04697919925279,2.9462371544184545,1.7867291711352038,5.832350410263238,3.690300464443764,20.0,1.4731185772092272,Akresi,SINTETIS - PURWARUPA
S143,2026,-8.550030514573162,122.04697919925279,7.628180831044702,1.5270532367000806,6.3369859743052,3.690300464443764,20.0,3.814090415522351,Akresi,SINTETIS - PURWARUPA
S144,2020,-8.549840322624988,122.04712453727434,5.590392827002507,1.820945282287651,4.988074020329081,4.169992272918355,409.8073075344505,2.795196413501253,Akresi,SINTETIS - PURWARUPA
S144,2022,-8.549840322624988,122.04712453727434,1.0526923306920657,1.7247098398429217,8.587020924363676,4.169992272918355,409.8073075344505,0.5263461653460327,Akresi,SINTETIS - PURWARUPA
S144,2024,-8.549840322624988,122.04712453727434,4.931775296726324,1.222409798259851,5.132657141848055,4.169992272918355,409.8073075344505,2.4658876483631618,Akresi,SINTETIS - PURWARUPA
S144,2026,-8.549840322624988,122.04712453727434,7.363978669742697,1.088492737582739,2.184789393191509,4.169992272918355,409.8073075344505,3.6819893348713486,Akresi,SINTETIS - PURWARUPA
S145,2020,-8.549678372073277,122.04737715079852,7.414960520011296,1.8518601693144472,5.813704495275962,6.403071775293665,251.8726137802208,3.707480260005648,Akresi,SINTETIS - PURWARUPA
S145,2022,-8.549678372073277,122.04737715079852,6.755124298098783,1.4977345438767466,7.142541558284275,6.403071775293665,251.8726137802208,3.3775621490493912,Akresi,SINTETIS - PURWARUPA
S145,2024,-8.549678372073277,122.04737715079852,7.14100164993672,1.573642247831075,5.939599520380052,6.403071775293665,251.8726137802208,3.57050082496836,Akresi,SINTETIS - PURWARUPA
S145,2026,-8.549678372073277,122.04737715079852,6.938206452881112,1.5417438116236368,8.181263495437218,6.403071775293665,251.8726137802208,3.469103226440556,Akresi,SINTETIS - PURWARUPA
S146,2020,-8.549496868868282,122.0476496808224,2.105410330150008,0.5658139539649234,6.120043382378159,5.21037992141642,251.64029848071112,1.052705165075004,Akresi,SINTETIS - PURWARUPA
S146,2022,-8.549496868868282,122.0476496808224,6.4641495496639845,1.914478030829431,5.703368645431913,5.21037992141642,251.64029848071112,3.232074774831992,Akresi,SINTETIS - PURWARUPA
S146,2024,-8.549496868868282,122.0476496808224,8.442657448452888,1.084261101636632,3.636991032039935,5.21037992141642,251.64029848071112,4.221328724226444,Akresi,SINTETIS - PURWARUPA
S146,2026,-8.549496868868282,122.0476496808224,7.548798324545742,1.3882387960153502,4.910151008611401,5.21037992141642,251.64029848071112,3.774399162272871,Akresi,SINTETIS - PURWARUPA
S147,2020,-8.549246429738307,122.04785698322033,0.0903315505914692,1.9178117503482677,5.2719139925191065,5.074247908794979,368.1511648174698,0.0451657752957346,Stabil,SINTETIS - PURWARUPA
S147,2022,-8.549246429738307,122.04785698322033,3.7036745621282137,1.3339948534478965,6.474082851995802,5.074247908794979,368.1511648174698,1.8518372810641068,Akresi,SINTETIS - PURWARUPA
S147,2024,-8.549246429738307,122.04785698322033,10.149817260126138,1.3382719173287343,4.669876308397225,5.074247908794979,368.1511648174698,5.074908630063069,Akresi,SINTETIS - PURWARUPA
S147,2026,-8.549246429738307,122.04785698322033,7.650690102572994,1.662309955392297,6.281848744772751,5.074247908794979,368.1511648174698,3.825345051286497,Akresi,SINTETIS - PURWARUPA
S148,2020,-8.549150570292644,122.04805787414236,0.6085689348205667,1.4525283956207584,5.888788307526573,1.7222231292015238,20.0,0.3042844674102833,Stabil,SINTETIS - PURWARUPA
S148,2022,-8.549150570292644,122.04805787414236,-4.873217940148171,1.9499675356288284,7.383998181998736,1.7222231292015238,20.0,-2.4366089700740856,Abrasi,SINTETIS - PURWARUPA
S148,2024,-8.549150570292644,122.04805787414236,4.956229919342171,1.2767072377675808,6.076401155057655,1.7222231292015238,20.0,2.4781149596710854,Akresi,SINTETIS - PURWARUPA
S148,2026,-8.549150570292644,122.04805787414236,-1.939169758714984,1.9180347212998703,6.8432765943980565,1.7222231292015238,20.0,-0.969584879357492,Abrasi,SINTETIS - PURWARUPA
S149,2020,-8.548995948804002,122.04829561469039,-2.0112995040256245,1.359827717849327,7.41149450694737,1.84900810364846,216.6189108627576,-1.0056497520128125,Abrasi,SINTETIS - PURWARUPA
S149,2022,-8.548995948804002,122.04829561469039,0.3776670150438947,0.5462626264995846,6.105333577194962,1.84900810364846,216.6189108627576,0.1888335075219473,Stabil,SINTETIS - PURWARUPA
S149,2024,-8.548995948804002,122.04829561469039,0.3364752672907118,1.4149208585532114,5.395954358989451,1.84900810364846,216.6189108627576,0.1682376336453559,Stabil,SINTETIS - PURWARUPA
S149,2026,-8.548995948804002,122.04829561469039,0.7550449457160859,1.6766192036246463,3.6605621459767512,1.84900810364846,216.6189108627576,0.3775224728580429,Stabil,SINTETIS - PURWARUPA
S150,2020,-8.548768931677673,122.04847352491062,-6.003921760275986,1.7930831206545386,5.446005750828393,1.0867899360950424,343.59774805594304,-3.001960880137993,Abrasi,SINTETIS - PURWARUPA
S150,2022,-8.548768931677673,122.04847352491062,0.4285961946807147,1.6470894113445855,3.5081345422963746,1.0867899360950424,343.59774805594304,0.2142980973403573,Stabil,SINTETIS - PURWARUPA
S150,2024,-8.548768931677673,122.04847352491062,0.5840952151820841,1.089387661340244,4.108192857079642,1.0867899360950424,343.59774805594304,0.292047607591042,Stabil,SINTETIS - PURWARUPA
S150,2026,-8.548768931677673,122.04847352491062,2.524673020063813,1.335845855250459,4.726950099536262,1.0867899360950424,343.59774805594304,1.2623365100319066,Akresi,SINTETIS - PURWARUPA
S151,2020,-8.548622834896422,122.04874135318005,4.66707162962054,1.0969210406586998,3.523004441143073,3.9217597484652194,152.34199107651688,2.33353581481027,Akresi,SINTETIS - PURWARUPA
S151,2022,-8.548622834896422,122.04874135318005,3.711771812849461,1.2758943584620246,2.653365366323783,3.9217597484652194,152.34199107651688,1.8558859064247304,Akresi,SINTETIS - PURWARUPA
S151,2024,-8.548622834896422,122.04874135318005,0.3665566408179548,1.0846380897607668,7.390813110604792,3.9217597484652194,152.34199107651688,0.1832783204089774,Stabil,SINTETIS - PURWARUPA
S151,2026,-8.548622834896422,122.04874135318005,7.853166385296487,0.8955272200930812,6.83196357172684,3.9217597484652194,152.34199107651688,3.926583192648244,Akresi,SINTETIS - PURWARUPA
S152,2020,-8.54845180230323,122.04891298487921,7.488461257514867,0.7485822104230553,5.163119918979146,4.42435309482997,20.0,3.7442306287574336,Akresi,SINTETIS - PURWARUPA
S152,2022,-8.54845180230323,122.04891298487921,6.052549797207382,1.247494469141641,5.621124150082186,4.42435309482997,20.0,3.026274898603691,Akresi,SINTETIS - PURWARUPA
S152,2024,-8.54845180230323,122.04891298487921,2.859488435137016,2.137409656647351,4.807781832222025,4.42435309482997,20.0,1.4297442175685078,Akresi,SINTETIS - PURWARUPA
S152,2026,-8.54845180230323,122.04891298487921,6.378132181004977,2.0377193274699947,3.6733608697702858,4.42435309482997,20.0,3.189066090502489,Akresi,SINTETIS - PURWARUPA
S153,2020,-8.548280002281038,122.0491550216249,3.725031173771862,1.0559143253196035,5.831697237104505,3.136071428899589,115.8783759018279,1.862515586885931,Akresi,SINTETIS - PURWARUPA
S153,2022,-8.548280002281038,122.0491550216249,3.030611693167958,1.3545923288840238,5.584135790479859,3.136071428899589,115.8783759018279,1.515305846583979,Akresi,SINTETIS - PURWARUPA
S153,2024,-8.548280002281038,122.0491550216249,4.513626484643148,1.059933429445464,6.387631010095507,3.136071428899589,115.8783759018279,2.256813242321574,Akresi,SINTETIS - PURWARUPA
S153,2026,-8.548280002281038,122.0491550216249,0.5083681993747562,2.3112692045626435,5.048674971328501,3.136071428899589,115.8783759018279,0.2541840996873781,Stabil,SINTETIS - PURWARUPA
S154,2020,-8.54804638383892,122.04939652057897,-0.0558234986461391,1.589395793376314,4.506898911118406,2.6973692699349323,193.5572252297932,-0.0279117493230695,Stabil,SINTETIS - PURWARUPA
S154,2022,-8.54804638383892,122.04939652057897,-0.380970820221731,1.431357468578952,6.69512642178671,2.6973692699349323,193.5572252297932,-0.1904854101108655,Stabil,SINTETIS - PURWARUPA
S154,2024,-8.54804638383892,122.04939652057897,2.069792267626248,0.7551654382892647,3.200083038978147,2.6973692699349323,193.5572252297932,1.034896133813124,Akresi,SINTETIS - PURWARUPA
S154,2026,-8.54804638383892,122.04939652057897,1.5518883782885569,0.940391298630022,5.314467089656109,2.6973692699349323,193.5572252297932,0.7759441891442784,Akresi,SINTETIS - PURWARUPA
S155,2020,-8.547910535463862,122.04956872487732,0.4879214703455478,1.6316816563006808,5.519355298331205,2.83923820872801,435.15060641323714,0.2439607351727739,Stabil,SINTETIS - PURWARUPA
S155,2022,-8.547910535463862,122.04956872487732,3.953327758148019,1.2483685701819425,5.89329576394234,2.83923820872801,435.15060641323714,1.9766638790740092,Akresi,SINTETIS - PURWARUPA
S155,2024,-8.547910535463862,122.04956872487732,-0.0556897060425125,1.0823338728647898,5.543776906737078,2.83923820872801,435.15060641323714,-0.0278448530212562,Stabil,SINTETIS - PURWARUPA
S155,2026,-8.547910535463862,122.04956872487732,2.893666101386964,1.4740998244597088,6.414579090350423,2.83923820872801,435.15060641323714,1.4468330506934817,Akresi,SINTETIS - PURWARUPA
S156,2020,-8.547654957005182,122.04978551030044,3.099968373267823,1.364895816394807,5.362813398394303,3.826160622954892,244.98453546676623,1.5499841866339117,Akresi,SINTETIS - PURWARUPA
S156,2022,-8.547654957005182,122.04978551030044,2.0453888495311663,1.6967855602122948,7.153283483529693,3.826160622954892,244.98453546676623,1.0226944247655831,Akresi,SINTETIS - PURWARUPA
S156,2024,-8.547654957005182,122.04978551030044,5.429866819459264,1.6853606252600717,4.657879664479861,3.826160622954892,244.98453546676623,2.714933409729632,Akresi,SINTETIS - PURWARUPA
S156,2026,-8.547654957005182,122.04978551030044,9.265854001240562,1.1333029666605534,6.808791923305758,3.826160622954892,244.98453546676623,4.632927000620281,Akresi,SINTETIS - PURWARUPA
S157,2020,-8.547533115331706,122.04996617114917,3.0765292780301583,1.5935768754588355,5.798696318410036,2.6778906001327654,422.4625188005025,1.5382646390150791,Akresi,SINTETIS - PURWARUPA
S157,2022,-8.547533115331706,122.04996617114917,3.127721639263507,1.5695587037369476,6.961270224941364,2.6778906001327654,422.4625188005025,1.5638608196317536,Akresi,SINTETIS - PURWARUPA
S157,2024,-8.547533115331706,122.04996617114917,3.4645346044855083,1.9325951584579355,5.930555300687505,2.6778906001327654,422.4625188005025,1.7322673022427542,Akresi,SINTETIS - PURWARUPA
S157,2026,-8.547533115331706,122.04996617114917,7.694287000770299,1.292505524419975,4.778247026129193,2.6778906001327654,422.4625188005025,3.847143500385149,Akresi,SINTETIS - PURWARUPA
S158,2020,-8.547342966674778,122.05027609387086,2.540113821747989,1.4038440124038405,7.223192821321257,3.685610021617085,167.88780887120498,1.2700569108739947,Akresi,SINTETIS - PURWARUPA
S158,2022,-8.547342966674778,122.05027609387086,7.912181195025157,0.8009843940943393,5.241706652108614,3.685610021617085,167.88780887120498,3.956090597512578,Akresi,SINTETIS - PURWARUPA
S158,2024,-8.547342966674778,122.05027609387086,8.536507118078166,1.3251710983525151,3.3394255699189834,3.685610021617085,167.88780887120498,4.268253559039083,Akresi,SINTETIS - PURWARUPA
S158,2026,-8.547342966674778,122.05027609387086,3.0830565091110795,1.6388373784344774,5.41598456942464,3.685610021617085,167.88780887120498,1.5415282545555398,Akresi,SINTETIS - PURWARUPA
S159,2020,-8.547136982257173,122.05045568795188,4.687525627909119,1.4856386739205725,5.674617766402714,5.222384636773983,325.9073400013958,2.34376281395456,Akresi,SINTETIS - PURWARUPA
S159,2022,-8.547136982257173,122.05045568795188,2.422736761957394,1.765974042073243,4.461588601477799,5.222384636773983,325.9073400013958,1.211368380978697,Akresi,SINTETIS - PURWARUPA
S159,2024,-8.547136982257173,122.05045568795188,6.8509394920840245,1.615054043012366,6.257485993680577,5.222384636773983,325.9073400013958,3.4254697460420123,Akresi,SINTETIS - PURWARUPA
S159,2026,-8.547136982257173,122.05045568795188,8.838551147311392,1.5427049293663135,5.115351545994943,5.222384636773983,325.9073400013958,4.419275573655696,Akresi,SINTETIS - PURWARUPA
S160,2020,-8.54699081955887,122.05067733404707,0.3358442335093232,0.7927583712840985,6.099745725154959,3.0321630316169,532.8895578286165,0.1679221167546616,Stabil,SINTETIS - PURWARUPA
S160,2022,-8.54699081955887,122.05067733404707,-0.5245389989662996,1.3621183315869594,4.979647017814974,3.0321630316169,532.8895578286165,-0.2622694994831498,Stabil,SINTETIS - PURWARUPA
S160,2024,-8.54699081955887,122.05067733404707,-0.2647319942711932,1.536163156651817,5.043954325369365,3.0321630316169,532.8895578286165,-0.1323659971355966,Stabil,SINTETIS - PURWARUPA
S160,2026,-8.54699081955887,122.05067733404707,6.28689700048445,1.693848831770988,7.222007413586722,3.0321630316169,532.8895578286165,3.143448500242225,Akresi,SINTETIS - PURWARUPA
S161,2020,-8.546798684121848,122.05091332919804,6.412982808360073,1.7967490460064686,4.370154877324239,5.492234931343695,485.53370194761374,3.2064914041800363,Akresi,SINTETIS - PURWARUPA
S161,2022,-8.546798684121848,122.05091332919804,8.652197749292819,1.553830650502,3.328459637299325,5.492234931343695,485.53370194761374,4.3260988746464095,Akresi,SINTETIS - PURWARUPA
S161,2024,-8.546798684121848,122.05091332919804,8.625767625287322,2.195547139092786,6.267923398960949,5.492234931343695,485.53370194761374,4.312883812643661,Akresi,SINTETIS - PURWARUPA
S161,2026,-8.546798684121848,122.05091332919804,9.135947030854478,1.4640201555450467,5.412138011219414,5.492234931343695,485.53370194761374,4.567973515427239,Akresi,SINTETIS - PURWARUPA
S162,2020,-8.546653927614505,122.05110303419826,6.119155206542858,1.0531127895444272,6.6615985654646375,5.399456835754048,442.1279280013125,3.059577603271429,Akresi,SINTETIS - PURWARUPA
S162,2022,-8.546653927614505,122.05110303419826,8.231172917807797,1.5189330010716506,6.052262367322076,5.399456835754048,442.1279280013125,4.115586458903898,Akresi,SINTETIS - PURWARUPA
S162,2024,-8.546653927614505,122.05110303419826,7.246287835833876,1.428951370652116,7.192194394362323,5.399456835754048,442.1279280013125,3.623143917916938,Akresi,SINTETIS - PURWARUPA
S162,2026,-8.546653927614505,122.05110303419826,12.439300580249968,1.6184644953643363,4.500084890155304,5.399456835754048,442.1279280013125,6.219650290124983,Akresi,SINTETIS - PURWARUPA
S163,2020,-8.546435358067372,122.05137333737665,-7.011010193065278,1.833259290771556,5.844269341951126,1.0877212831826877,134.82171676892585,-3.505505096532639,Abrasi,SINTETIS - PURWARUPA
S163,2022,-8.546435358067372,122.05137333737665,0.9414343609543578,1.7634014751443363,4.847460634776732,1.0877212831826877,134.82171676892585,0.4707171804771789,Stabil,SINTETIS - PURWARUPA
S163,2024,-8.546435358067372,122.05137333737665,1.6396419394250632,1.369257512488705,5.745648023224636,1.0877212831826877,134.82171676892585,0.8198209697125316,Akresi,SINTETIS - PURWARUPA
S163,2026,-8.546435358067372,122.05137333737665,0.8588509431602064,1.085877460200868,4.3085838305992725,1.0877212831826877,134.82171676892585,0.4294254715801032,Stabil,SINTETIS - PURWARUPA
S164,2020,-8.546244637631078,122.05153202113628,-4.334524776816094,1.1889575906015486,5.02932878449566,0.9979481001663552,365.3209297861309,-2.167262388408047,Abrasi,SINTETIS - PURWARUPA
S164,2022,-8.546244637631078,122.05153202113628,1.790656806888324,1.162357239976806,5.490919244042619,0.9979481001663552,365.3209297861309,0.895328403444162,Akresi,SINTETIS - PURWARUPA
S164,2024,-8.546244637631078,122.05153202113628,-1.5672472458737856,1.1300694418178765,7.488851344278996,0.9979481001663552,365.3209297861309,-0.7836236229368928,Abrasi,SINTETIS - PURWARUPA
S164,2026,-8.546244637631078,122.05153202113628,0.9217285933342974,1.1609178694451887,7.344829062277363,0.9979481001663552,365.3209297861309,0.4608642966671487,Stabil,SINTETIS - PURWARUPA
S165,2020,-8.546106013556939,122.05178729345994,7.145608825907285,1.1141223872554105,5.44907942790507,5.529610366313089,455.2683947475954,3.5728044129536425,Akresi,SINTETIS - PURWARUPA
S165,2022,-8.546106013556939,122.05178729345994,7.813570699523501,1.0548159613191908,5.433177936820007,5.529610366313089,455.2683947475954,3.9067853497617504,Akresi,SINTETIS - PURWARUPA
S165,2024,-8.546106013556939,122.05178729345994,5.525060554303972,1.7990733176278573,6.948910033973441,5.529610366313089,455.2683947475954,2.762530277151986,Akresi,SINTETIS - PURWARUPA
S165,2026,-8.546106013556939,122.05178729345994,7.049099344900082,1.325116399648716,6.297150762466763,5.529610366313089,455.2683947475954,3.524549672450041,Akresi,SINTETIS - PURWARUPA
S166,2020,-8.545891793610515,122.05200931025924,1.633555444804763,1.9064705436108855,5.312294225028042,2.045902133392069,116.04286019684947,0.8167777224023813,Akresi,SINTETIS - PURWARUPA
S166,2022,-8.545891793610515,122.05200931025924,5.106217412390666,1.2202273087497817,5.849446241357792,2.045902133392069,116.04286019684947,2.553108706195333,Akresi,SINTETIS - PURWARUPA
S166,2024,-8.545891793610515,122.05200931025924,5.19480274012578,1.0299146393678522,3.222622600120268,2.045902133392069,116.04286019684947,2.5974013700628897,Akresi,SINTETIS - PURWARUPA
S166,2026,-8.545891793610515,122.05200931025924,0.9586028810815714,1.110616813112424,5.475152363072519,2.045902133392069,116.04286019684947,0.4793014405407857,Stabil,SINTETIS - PURWARUPA
S167,2020,-8.545721407931639,122.05220343136766,2.524717923194623,1.0470918898040082,4.6598991644249335,3.2300898681750407,312.9741457179148,1.2623589615973114,Akresi,SINTETIS - PURWARUPA
S167,2022,-8.545721407931639,122.05220343136766,4.331004266823086,0.8999145980208025,4.992926820641505,3.2300898681750407,312.9741457179148,2.165502133411543,Akresi,SINTETIS - PURWARUPA
S167,2024,-8.545721407931639,122.05220343136766,3.879433021344775,1.26015787044405,5.1743482084819306,3.2300898681750407,312.9741457179148,1.9397165106723877,Akresi,SINTETIS - PURWARUPA
S167,2026,-8.545721407931639,122.05220343136766,7.168745302060044,1.17048978814869,6.3292750790402525,3.2300898681750407,312.9741457179148,3.584372651030022,Akresi,SINTETIS - PURWARUPA
S168,2020,-8.545563384226833,122.05246650340082,-3.15256372969723,1.948022835921139,6.110391451621719,3.140574266848029,301.16822830539064,-1.576281864848615,Abrasi,SINTETIS - PURWARUPA
S168,2022,-8.545563384226833,122.05246650340082,1.1160763425811813,1.5588984710064355,6.979436491970811,3.140574266848029,301.16822830539064,0.5580381712905906,Akresi,SINTETIS - PURWARUPA
S168,2024,-8.545563384226833,122.05246650340082,-0.0904629873548175,1.7484721821412412,4.6718613506176645,3.140574266848029,301.16822830539064,-0.0452314936774087,Stabil,SINTETIS - PURWARUPA
S168,2026,-8.545563384226833,122.05246650340082,4.334846999093103,1.449409156591424,3.3922279351044238,3.140574266848029,301.16822830539064,2.167423499546552,Akresi,SINTETIS - PURWARUPA
S169,2020,-8.545330847547188,122.05261465456668,1.6407857521347289,1.377838049101164,5.061139857224549,1.5807548061291532,105.51548567737912,0.8203928760673644,Akresi,SINTETIS - PURWARUPA
S169,2022,-8.545330847547188,122.05261465456668,-1.4147653430737182,1.734021915182094,6.094327535282318,1.5807548061291532,105.51548567737912,-0.7073826715368591,Abrasi,SINTETIS - PURWARUPA
S169,2024,-8.545330847547188,122.05261465456668,1.8733738832202915,1.5376304219446897,4.46562117362395,1.5807548061291532,105.51548567737912,0.9366869416101458,Akresi,SINTETIS - PURWARUPA
S169,2026,-8.545330847547188,122.05261465456668,3.473725135903204,1.0107845109742797,6.502452392682677,1.5807548061291532,105.51548567737912,1.736862567951602,Akresi,SINTETIS - PURWARUPA
S170,2020,-8.545183126877005,122.05288666106212,2.0129598844289247,1.5057903764699114,5.363975202592232,4.10046486246451,20.0,1.0064799422144624,Akresi,SINTETIS - PURWARUPA
S170,2022,-8.545183126877005,122.05288666106212,0.2016752493545262,1.6472863795142394,5.410277294122326,4.10046486246451,20.0,0.1008376246772631,Stabil,SINTETIS - PURWARUPA
S170,2024,-8.545183126877005,122.05288666106212,3.9880116982371376,1.3505090652111176,5.581066580896989,4.10046486246451,20.0,1.9940058491185688,Akresi,SINTETIS - PURWARUPA
S170,2026,-8.545183126877005,122.05288666106212,1.5277374768094,1.4566717785497738,6.747242853902264,4.10046486246451,20.0,0.7638687384047,Akresi,SINTETIS - PURWARUPA
S171,2020,-8.545004181801383,122.05315064534484,-2.976155403706562,1.1951175243094347,5.055147538632274,0.8980827545942072,275.1505353092075,-1.488077701853281,Abrasi,SINTETIS - PURWARUPA
S171,2022,-8.545004181801383,122.05315064534484,-4.510050154468052,1.3406572495048446,7.709506737312285,0.8980827545942072,275.1505353092075,-2.255025077234026,Abrasi,SINTETIS - PURWARUPA
S171,2024,-8.545004181801383,122.05315064534484,4.641015491640753,0.9906364991324104,3.9376785158037935,0.8980827545942072,275.1505353092075,2.3205077458203767,Akresi,SINTETIS - PURWARUPA
S171,2026,-8.545004181801383,122.05315064534484,-0.1531846677857828,1.2381811030675496,5.469233127582791,0.8980827545942072,275.1505353092075,-0.0765923338928914,Stabil,SINTETIS - PURWARUPA
S172,2020,-8.544857785501419,122.05332489293448,7.568370928227314,1.1014717637727047,6.277088923674023,7.18736540860484,444.8899289363957,3.784185464113657,Akresi,SINTETIS - PURWARUPA
S172,2022,-8.544857785501419,122.05332489293448,12.76179724917312,0.7782713264038227,6.723413101197555,7.18736540860484,444.8899289363957,6.38089862458656,Akresi,SINTETIS - PURWARUPA
S172,2024,-8.544857785501419,122.05332489293448,9.43905990278104,1.7661182878667647,4.936161700936513,7.18736540860484,444.8899289363957,4.719529951390521,Akresi,SINTETIS - PURWARUPA
S172,2026,-8.544857785501419,122.05332489293448,9.448342090434506,1.662417943780343,5.969795244817728,7.18736540860484,444.8899289363957,4.724171045217253,Akresi,SINTETIS - PURWARUPA
S173,2020,-8.544698024969671,122.0535553637097,4.993392979509514,1.6235657835865918,5.897850034160431,5.11851445885417,82.33763953521799,2.496696489754757,Akresi,SINTETIS - PURWARUPA
S173,2022,-8.544698024969671,122.0535553637097,1.333644987833706,1.7051914249016524,4.666641709689577,5.11851445885417,82.33763953521799,0.666822493916853,Akresi,SINTETIS - PURWARUPA
S173,2024,-8.544698024969671,122.0535553637097,4.410647168566833,1.213268166010992,6.566952781032409,5.11851445885417,82.33763953521799,2.2053235842834167,Akresi,SINTETIS - PURWARUPA
S173,2026,-8.544698024969671,122.0535553637097,11.28721134541911,1.1570848366498252,3.314379589690434,5.11851445885417,82.33763953521799,5.643605672709555,Akresi,SINTETIS - PURWARUPA
S174,2020,-8.544444681405825,122.05379504433333,4.31193471626502,1.3144849006871648,5.303483075053358,4.951588080169211,330.73917061607625,2.15596735813251,Akresi,SINTETIS - PURWARUPA
S174,2022,-8.544444681405825,122.05379504433333,2.333953850230924,2.3221592640452497,6.167094437559332,4.951588080169211,330.73917061607625,1.166976925115462,Akresi,SINTETIS - PURWARUPA
S174,2024,-8.544444681405825,122.05379504433333,9.486947747447871,1.5629238709581978,4.286957298572419,4.951588080169211,330.73917061607625,4.743473873723936,Akresi,SINTETIS - PURWARUPA
S174,2026,-8.544444681405825,122.05379504433333,9.360889940376678,1.168625816467501,6.101302519146959,4.951588080169211,330.73917061607625,4.680444970188339,Akresi,SINTETIS - PURWARUPA
S175,2020,-8.544277909758742,122.05399478155364,5.885277625249344,1.1981555288753742,4.960619884276355,3.516203127284023,242.098246435805,2.942638812624672,Akresi,SINTETIS - PURWARUPA
S175,2022,-8.544277909758742,122.05399478155364,2.4146259883089085,1.362012178560195,4.557044476740672,3.516203127284023,242.098246435805,1.2073129941544545,Akresi,SINTETIS - PURWARUPA
S175,2024,-8.544277909758742,122.05399478155364,3.547863339816491,1.785129738244028,6.310727959797374,3.516203127284023,242.098246435805,1.7739316699082457,Akresi,SINTETIS - PURWARUPA
S175,2026,-8.544277909758742,122.05399478155364,2.94087132876351,1.309867580381573,6.188034964207534,3.516203127284023,242.098246435805,1.470435664381755,Akresi,SINTETIS - PURWARUPA
S176,2020,-8.544117241236009,122.05424104158848,7.845717871232687,1.1005657414819985,5.630442583376092,4.811416518378596,112.53262156688754,3.922858935616344,Akresi,SINTETIS - PURWARUPA
S176,2022,-8.544117241236009,122.05424104158848,3.065995641800062,0.729552192435852,5.833999527484605,4.811416518378596,112.53262156688754,1.532997820900031,Akresi,SINTETIS - PURWARUPA
S176,2024,-8.544117241236009,122.05424104158848,5.037606439568884,1.177984152266059,5.06268589832291,4.811416518378596,112.53262156688754,2.518803219784442,Akresi,SINTETIS - PURWARUPA
S176,2026,-8.544117241236009,122.05424104158848,5.230016843346498,1.213171421119277,5.508648472451644,4.811416518378596,112.53262156688754,2.615008421673249,Akresi,SINTETIS - PURWARUPA
S177,2020,-8.543973326536614,122.05445534354226,6.900978286111758,0.8607429263075713,5.858701783100981,4.629308250723321,368.0444034031737,3.450489143055879,Akresi,SINTETIS - PURWARUPA
S177,2022,-8.543973326536614,122.05445534354226,5.780609562829409,1.0390792760461451,5.511007897818555,4.629308250723321,368.0444034031737,2.8903047814147045,Akresi,SINTETIS - PURWARUPA
S177,2024,-8.543973326536614,122.05445534354226,0.1376741610252549,2.0447527304988924,7.809395244415088,4.629308250723321,368.0444034031737,0.0688370805126274,Stabil,SINTETIS - PURWARUPA
S177,2026,-8.543973326536614,122.05445534354226,7.159315498437104,2.272874452004796,4.401729134616011,4.629308250723321,368.0444034031737,3.579657749218552,Akresi,SINTETIS - PURWARUPA
S178,2020,-8.54372033787564,122.05462207674707,5.209905632312857,1.5940155016213369,5.776806762856751,4.239901690758648,234.94527580275104,2.6049528161564286,Akresi,SINTETIS - PURWARUPA
S178,2022,-8.54372033787564,122.05462207674707,6.293346623806944,1.4263898401011217,5.298551116688427,4.239901690758648,234.94527580275104,3.146673311903472,Akresi,SINTETIS - PURWARUPA
S178,2024,-8.54372033787564,122.05462207674707,2.597366338033245,1.603138587700511,6.378176073185065,4.239901690758648,234.94527580275104,1.2986831690166225,Akresi,SINTETIS - PURWARUPA
S178,2026,-8.54372033787564,122.05462207674707,5.33840333609695,1.034158026510534,4.818733428096758,4.239901690758648,234.94527580275104,2.669201668048475,Akresi,SINTETIS - PURWARUPA
S179,2020,-8.543545866837007,122.05490122697539,-0.1549384354776437,1.8789642878177952,5.792078699680647,3.2673045657013997,450.3286626354093,-0.0774692177388218,Stabil,SINTETIS - PURWARUPA
S179,2022,-8.543545866837007,122.05490122697539,2.446241698015801,1.951381827302439,5.42677917876591,3.2673045657013997,450.3286626354093,1.2231208490079004,Akresi,SINTETIS - PURWARUPA
S179,2024,-8.543545866837007,122.05490122697539,1.8787057409508376,1.2811382410377008,4.432251608443363,3.2673045657013997,450.3286626354093,0.9393528704754188,Akresi,SINTETIS - PURWARUPA
S179,2026,-8.543545866837007,122.05490122697539,10.828792373622589,1.6215039132450508,4.559918735324056,3.2673045657013997,450.3286626354093,5.4143961868112935,Akresi,SINTETIS - PURWARUPA
S180,2020,-8.543422035022544,122.05505422597965,0.2799086880291161,1.4226063799301274,6.186690904224729,4.265208073420162,464.10388705542135,0.139954344014558,Stabil,SINTETIS - PURWARUPA
S180,2022,-8.543422035022544,122.05505422597965,2.3370931497151286,1.1628709590078816,4.21166112503492,4.265208073420162,464.10388705542135,1.1685465748575643,Akresi,SINTETIS - PURWARUPA
S180,2024,-8.543422035022544,122.05505422597965,4.202408668990287,1.4409430819083604,2.80860685406748,4.265208073420162,464.10388705542135,2.101204334495144,Akresi,SINTETIS - PURWARUPA
S180,2026,-8.543422035022544,122.05505422597965,8.081099042911992,1.2119821720953037,4.502456996858708,4.265208073420162,464.10388705542135,4.040549521455996,Akresi,SINTETIS - PURWARUPA
S181,2020,-8.54320028540931,122.05533876141624,5.5502085659571545,1.399328559996831,5.864160280980004,4.628575599069017,409.7137905105933,2.7751042829785773,Akresi,SINTETIS - PURWARUPA
S181,2022,-8.54320028540931,122.05533876141624,4.830100322237392,1.4495798440868588,5.023366828099511,4.628575599069017,409.7137905105933,2.415050161118696,Akresi,SINTETIS - PURWARUPA
S181,2024,-8.54320028540931,122.05533876141624,6.3033926509452565,1.113854560584512,6.005940195891796,4.628575599069017,409.7137905105933,3.151696325472628,Akresi,SINTETIS - PURWARUPA
S181,2026,-8.54320028540931,122.05533876141624,5.237034655412813,1.1678891872771322,4.705306216810489,4.628575599069017,409.7137905105933,2.6185173277064067,Akresi,SINTETIS - PURWARUPA
S182,2020,-8.54300008757483,122.05553430598397,3.860567193367821,1.2038429165719693,3.812199247585321,2.205799970640095,363.19668494428254,1.9302835966839105,Akresi,SINTETIS - PURWARUPA
S182,2022,-8.54300008757483,122.05553430598397,2.0437969241782907,1.2120160536518605,5.009321091749452,2.205799970640095,363.19668494428254,1.0218984620891454,Akresi,SINTETIS - PURWARUPA
S182,2024,-8.54300008757483,122.05553430598397,-1.2617813981053758,1.79990622797654,5.524044749039574,2.205799970640095,363.19668494428254,-0.6308906990526879,Abrasi,SINTETIS - PURWARUPA
S182,2026,-8.54300008757483,122.05553430598397,6.346023793795165,1.590356951439263,4.918012330885931,2.205799970640095,363.19668494428254,3.1730118968975827,Akresi,SINTETIS - PURWARUPA
S183,2020,-8.542849486406727,122.05568489638897,-0.0500436120320761,1.9515721009908864,7.697145146507879,4.036047458233511,522.243690916432,-0.025021806016038,Stabil,SINTETIS - PURWARUPA
S183,2022,-8.542849486406727,122.05568489638897,5.027749202228899,1.7192533385918725,4.633606552315946,4.036047458233511,522.243690916432,2.5138746011144497,Akresi,SINTETIS - PURWARUPA
S183,2024,-8.542849486406727,122.05568489638897,5.567336785278376,0.9544666499410936,4.72665308214074,4.036047458233511,522.243690916432,2.783668392639188,Akresi,SINTETIS - PURWARUPA
S183,2026,-8.542849486406727,122.05568489638897,5.721014264089559,1.7144943480499155,6.460862946003586,4.036047458233511,522.243690916432,2.8605071320447792,Akresi,SINTETIS - PURWARUPA
S184,2020,-8.54270996545761,122.05596259827087,-2.046750527273577,1.8123646984860144,6.767662703237059,2.380825275585911,371.7546059372288,-1.0233752636367883,Abrasi,SINTETIS - PURWARUPA
S184,2022,-8.54270996545761,122.05596259827087,7.418752245841018,0.5,3.379645722243935,2.380825275585911,371.7546059372288,3.709376122920509,Akresi,SINTETIS - PURWARUPA
S184,2024,-8.54270996545761,122.05596259827087,6.341017048698266,1.2595607712380614,4.599130458081865,2.380825275585911,371.7546059372288,3.170508524349133,Akresi,SINTETIS - PURWARUPA
S184,2026,-8.54270996545761,122.05596259827087,1.4671572146957284,1.8428059809209143,5.529338466303744,2.380825275585911,371.7546059372288,0.7335786073478642,Akresi,SINTETIS - PURWARUPA
S185,2020,-8.542493415851451,122.05619876233784,2.791895016353036,1.6541101615636995,6.903124130884206,5.900070921979412,309.14543939321175,1.395947508176518,Akresi,SINTETIS - PURWARUPA
S185,2022,-8.542493415851451,122.05619876233784,1.567328311506631,1.6642016623659148,5.1465174944060665,5.900070921979412,309.14543939321175,0.7836641557533155,Akresi,SINTETIS - PURWARUPA
S185,2024,-8.542493415851451,122.05619876233784,10.972615747474231,0.6551406603049658,4.278258866177577,5.900070921979412,309.14543939321175,5.4863078737371165,Akresi,SINTETIS - PURWARUPA
S185,2026,-8.542493415851451,122.05619876233784,12.1363985109264,1.4398298478691036,5.721240048610797,5.900070921979412,309.14543939321175,6.068199255463201,Akresi,SINTETIS - PURWARUPA
S186,2020,-8.542347525503512,122.05641112445326,6.225305790733428,1.4099143607790292,3.5800607990987863,3.956653284220724,146.92176368463305,3.112652895366714,Akresi,SINTETIS - PURWARUPA
S186,2022,-8.542347525503512,122.05641112445326,2.626270778124822,1.161434906614348,7.9376801977342035,3.956653284220724,146.92176368463305,1.313135389062411,Akresi,SINTETIS - PURWARUPA
S186,2024,-8.542347525503512,122.05641112445326,3.139026948868481,1.759818747889714,5.436036557210615,3.956653284220724,146.92176368463305,1.5695134744342407,Akresi,SINTETIS - PURWARUPA
S186,2026,-8.542347525503512,122.05641112445326,5.68470536304294,1.1955897333722971,5.642948715239533,3.956653284220724,146.92176368463305,2.84235268152147,Akresi,SINTETIS - PURWARUPA
S187,2020,-8.542152980570334,122.05662819612141,0.9119972697476656,1.368594230530933,7.354278582035871,2.5848517009143297,571.9529697460774,0.4559986348738327,Stabil,SINTETIS - PURWARUPA
S187,2022,-8.542152980570334,122.05662819612141,2.3883145314180747,1.4907506745372177,3.9143631140256767,2.5848517009143297,571.9529697460774,1.1941572657090374,Akresi,SINTETIS - PURWARUPA
S187,2024,-8.542152980570334,122.05662819612141,2.8939863905737315,1.4736871347762364,7.40320459715184,2.5848517009143297,571.9529697460774,1.4469931952868658,Akresi,SINTETIS - PURWARUPA
S187,2026,-8.542152980570334,122.05662819612141,6.0119188817484215,1.8843021264175497,6.268874932243504,2.5848517009143297,571.9529697460774,3.0059594408742107,Akresi,SINTETIS - PURWARUPA
S188,2020,-8.541951224081586,122.0569236541352,1.962713002710403,0.976481502608838,8.297229605869685,2.7719056956288157,142.69534321232635,0.9813565013552016,Akresi,SINTETIS - PURWARUPA
S188,2022,-8.541951224081586,122.0569236541352,2.309015564482124,1.283057743316892,6.998827236248194,2.7719056956288157,142.69534321232635,1.154507782241062,Akresi,SINTETIS - PURWARUPA
S188,2024,-8.541951224081586,122.0569236541352,0.8420218459472478,2.0881446149814566,3.6426006007121066,2.7719056956288157,142.69534321232635,0.4210109229736239,Stabil,SINTETIS - PURWARUPA
S188,2026,-8.541951224081586,122.0569236541352,6.293415006311418,1.238117515620011,3.1315807883096785,2.7719056956288157,142.69534321232635,3.146707503155709,Akresi,SINTETIS - PURWARUPA
S189,2020,-8.541777564711742,122.05709413639002,9.94534002592948,1.2525964560699956,5.642397003668795,7.039657901494418,200.54588314413485,4.972670012964739,Akresi,SINTETIS - PURWARUPA
S189,2022,-8.541777564711742,122.05709413639002,11.302103007390505,1.2016504411414477,4.742846083441443,7.039657901494418,200.54588314413485,5.651051503695252,Akresi,SINTETIS - PURWARUPA
S189,2024,-8.541777564711742,122.05709413639002,7.472453558696706,1.5325237633433124,3.0463260843942157,7.039657901494418,200.54588314413485,3.736226779348353,Akresi,SINTETIS - PURWARUPA
S189,2026,-8.541777564711742,122.05709413639002,6.9132514248835975,1.9254325523395237,5.982313939694575,7.039657901494418,200.54588314413485,3.4566257124417987,Akresi,SINTETIS - PURWARUPA
S190,2020,-8.541594565104784,122.05729234455404,3.550598131710593,1.1056678014653396,5.8275469058360665,4.603600040420246,59.84312471976949,1.7752990658552967,Akresi,SINTETIS - PURWARUPA
S190,2022,-8.541594565104784,122.05729234455404,4.8879923400380285,1.6001507139228484,4.0245911231684826,4.603600040420246,59.84312471976949,2.4439961700190143,Akresi,SINTETIS - PURWARUPA
S190,2024,-8.541594565104784,122.05729234455404,3.824954640693388,1.782054266782115,6.08418225657914,4.603600040420246,59.84312471976949,1.912477320346694,Akresi,SINTETIS - PURWARUPA
S190,2026,-8.541594565104784,122.05729234455404,5.7307853751443005,1.3664407391019102,4.498178616674198,4.603600040420246,59.84312471976949,2.8653926875721503,Akresi,SINTETIS - PURWARUPA
S191,2020,-8.54137166163948,122.05750837659868,0.8514614515566715,1.4702976040465754,5.051783203382984,2.165294015977385,181.08540757284592,0.4257307257783357,Stabil,SINTETIS - PURWARUPA
S191,2022,-8.54137166163948,122.05750837659868,2.498290387190001,1.5829953162621606,6.566779816485578,2.165294015977385,181.08540757284592,1.2491451935950004,Akresi,SINTETIS - PURWARUPA
S191,2024,-8.54137166163948,122.05750837659868,-0.8355789604241652,1.7485505535303263,4.378913123022448,2.165294015977385,181.08540757284592,-0.4177894802120826,Stabil,SINTETIS - PURWARUPA
S191,2026,-8.54137166163948,122.05750837659868,-0.0408626682833381,1.3734799832390614,4.958589571312703,2.165294015977385,181.08540757284592,-0.020431334141669,Stabil,SINTETIS - PURWARUPA
S192,2020,-8.541242703568892,122.05771771206587,4.384345767417537,1.812457797611416,5.739085649499087,2.492228390358191,205.7894719382992,2.1921728837087686,Akresi,SINTETIS - PURWARUPA
S192,2022,-8.541242703568892,122.05771771206587,1.18933329232702,1.4596778651068771,5.151921071275298,2.492228390358191,205.7894719382992,0.5946666461635101,Akresi,SINTETIS - PURWARUPA
S192,2024,-8.541242703568892,122.05771771206587,5.576610003770449,1.489772192455239,6.0223047486052765,2.492228390358191,205.7894719382992,2.7883050018852247,Akresi,SINTETIS - PURWARUPA
S192,2026,-8.541242703568892,122.05771771206587,3.1582363941713,1.104137837257851,6.530855269813283,2.492228390358191,205.7894719382992,1.5791181970856498,Akresi,SINTETIS - PURWARUPA
S193,2020,-8.541096585747344,122.05797506841736,3.228235220206316,1.39687314623781,3.429574885590756,5.4014353412058576,129.99530347115984,1.6141176101031578,Akresi,SINTETIS - PURWARUPA
S193,2022,-8.541096585747344,122.05797506841736,2.734553948416663,1.7668103521660383,4.940300192791079,5.4014353412058576,129.99530347115984,1.3672769742083315,Akresi,SINTETIS - PURWARUPA
S193,2024,-8.541096585747344,122.05797506841736,5.3710526766027,1.4803111275604504,4.873105082282772,5.4014353412058576,129.99530347115984,2.68552633830135,Akresi,SINTETIS - PURWARUPA
S193,2026,-8.541096585747344,122.05797506841736,5.1546023085052175,1.658764108986216,4.105919969278784,5.4014353412058576,129.99530347115984,2.5773011542526088,Akresi,SINTETIS - PURWARUPA
S194,2020,-8.540864830415304,122.05820102974761,8.198225427932623,1.7280819384218766,4.559029247835509,5.357240452234775,156.89135914937276,4.099112713966312,Akresi,SINTETIS - PURWARUPA
S194,2022,-8.540864830415304,122.05820102974761,4.38680307828134,1.003180141103095,7.094174572950077,5.357240452234775,156.89135914937276,2.19340153914067,Akresi,SINTETIS - PURWARUPA
S194,2024,-8.540864830415304,122.05820102974761,2.342604137584503,2.10463625917811,6.209584874622982,5.357240452234775,156.89135914937276,1.1713020687922515,Akresi,SINTETIS - PURWARUPA
S194,2026,-8.540864830415304,122.05820102974761,9.029724773831164,1.2172165321601225,6.43741744626849,5.357240452234775,156.89135914937276,4.514862386915581,Akresi,SINTETIS - PURWARUPA
S195,2020,-8.54069157428282,122.0583932872023,6.044098998771393,0.9472732992315684,4.524431170431783,4.637529548966098,268.4517797815148,3.0220494993856963,Akresi,SINTETIS - PURWARUPA
S195,2022,-8.54069157428282,122.0583932872023,4.589361269263986,1.8254188457741929,7.439178908994457,4.637529548966098,268.4517797815148,2.294680634631993,Akresi,SINTETIS - PURWARUPA
S195,2024,-8.54069157428282,122.0583932872023,3.579779312629567,1.5005517663627272,6.3985766631789724,4.637529548966098,268.4517797815148,1.7898896563147837,Akresi,SINTETIS - PURWARUPA
S195,2026,-8.54069157428282,122.0583932872023,4.304387604978535,1.346369163909625,4.511043134392628,4.637529548966098,268.4517797815148,2.1521938024892675,Akresi,SINTETIS - PURWARUPA
S196,2020,-8.540499446344718,122.05861751285309,3.628413307281195,1.4849254949633517,6.167939998813065,4.53147872676352,326.4556563249426,1.8142066536405972,Akresi,SINTETIS - PURWARUPA
S196,2022,-8.540499446344718,122.05861751285309,5.714792042529048,1.5445119883278402,4.628626716776369,4.53147872676352,326.4556563249426,2.857396021264524,Akresi,SINTETIS - PURWARUPA
S196,2024,-8.540499446344718,122.05861751285309,5.551799139595859,1.633946189850103,4.696382286313356,4.53147872676352,326.4556563249426,2.7758995697979296,Akresi,SINTETIS - PURWARUPA
S196,2026,-8.540499446344718,122.05861751285309,4.815817426450401,1.181739121629724,4.868191964180662,4.53147872676352,326.4556563249426,2.4079087132252006,Akresi,SINTETIS - PURWARUPA
S197,2020,-8.540291479567312,122.05886391800912,2.754931338865365,1.3337640062010627,9.0,4.306150781341006,526.1074332721339,1.3774656694326826,Akresi,SINTETIS - PURWARUPA
S197,2022,-8.540291479567312,122.05886391800912,6.102223296030334,1.4893176731146056,5.022666503271751,4.306150781341006,526.1074332721339,3.051111648015167,Akresi,SINTETIS - PURWARUPA
S197,2024,-8.540291479567312,122.05886391800912,9.010802035245645,1.6924652247601857,5.363300328336299,4.306150781341006,526.1074332721339,4.505401017622821,Akresi,SINTETIS - PURWARUPA
S197,2026,-8.540291479567312,122.05886391800912,4.591068536539437,1.4837022496217112,5.824582463332239,4.306150781341006,526.1074332721339,2.2955342682697184,Akresi,SINTETIS - PURWARUPA
S198,2020,-8.54013689784283,122.05904792663726,-4.478551947851075,2.33511718291484,5.1838272997851575,2.58764040599407,141.29358285922905,-2.2392759739255377,Abrasi,SINTETIS - PURWARUPA
S198,2022,-8.54013689784283,122.05904792663726,2.7092102035716343,1.1556224890935995,5.438118592628544,2.58764040599407,141.29358285922905,1.3546051017858172,Akresi,SINTETIS - PURWARUPA
S198,2024,-8.54013689784283,122.05904792663726,-0.3318868119350464,1.5941787826038596,6.31193746213183,2.58764040599407,141.29358285922905,-0.1659434059675232,Stabil,SINTETIS - PURWARUPA
S198,2026,-8.54013689784283,122.05904792663726,1.4220459841229267,1.5191541552255408,4.448728643067306,2.58764040599407,141.29358285922905,0.7110229920614634,Akresi,SINTETIS - PURWARUPA
S199,2020,-8.5399969840843,122.05923629578824,5.965079333001412,1.7418328794923454,5.547175679229156,5.096314233287013,346.40563813704426,2.982539666500706,Akresi,SINTETIS - PURWARUPA
S199,2022,-8.5399969840843,122.05923629578824,7.1290905676477285,0.7835487083751093,6.535705021654426,5.096314233287013,346.40563813704426,3.5645452838238643,Akresi,SINTETIS - PURWARUPA
S199,2024,-8.5399969840843,122.05923629578824,3.922528043132517,1.619488360052208,5.956027958858336,5.096314233287013,346.40563813704426,1.9612640215662585,Akresi,SINTETIS - PURWARUPA
S199,2026,-8.5399969840843,122.05923629578824,9.952559765143128,0.8756860786131336,4.645535000580444,5.096314233287013,346.40563813704426,4.976279882571564,Akresi,SINTETIS - PURWARUPA
S200,2020,-8.539768750072612,122.05945090918556,-2.34812165326497,1.2749432289066145,3.865539002976817,2.0283509487976783,148.7470039682825,-1.174060826632485,Abrasi,SINTETIS - PURWARUPA
S200,2022,-8.539768750072612,122.05945090918556,-1.589603038885253,1.112357646257356,5.603504603470007,2.0283509487976783,148.7470039682825,-0.7948015194426264,Abrasi,SINTETIS - PURWARUPA
S200,2024,-8.539768750072612,122.05945090918556,-2.200659758915926,1.359468771509882,6.770263379370179,2.0283509487976783,148.7470039682825,-1.100329879457963,Abrasi,SINTETIS - PURWARUPA
S200,2026,-8.539768750072612,122.05945090918556,0.3544073509724944,1.327743984556311,6.729708080500927,2.0283509487976783,148.7470039682825,0.1772036754862472,Stabil,SINTETIS - PURWARUPA
S201,2020,-8.539626662905793,122.0597468523283,2.9428460471818325,1.5501378868945197,5.088586416508196,3.0406968815426785,404.6293035287795,1.4714230235909165,Akresi,SINTETIS - PURWARUPA
S201,2022,-8.539626662905793,122.0597468523283,0.9339182998505812,1.512157329846113,6.725059385202969,3.0406968815426785,404.6293035287795,0.4669591499252906,Stabil,SINTETIS - PURWARUPA
S201,2024,-8.539626662905793,122.0597468523283,4.93841830342763,1.4144221233735668,5.426181184474435,3.0406968815426785,404.6293035287795,2.469209151713815,Akresi,SINTETIS - PURWARUPA
S201,2026,-8.539626662905793,122.0597468523283,5.401510142597809,1.0411872819445385,6.720372457885427,3.0406968815426785,404.6293035287795,2.700755071298905,Akresi,SINTETIS - PURWARUPA
S202,2020,-8.539468960567277,122.05996819533864,3.699961760555425,1.899444668529264,5.602445657923106,6.851139621196597,390.25675573691706,1.8499808802777125,Akresi,SINTETIS - PURWARUPA
S202,2022,-8.539468960567277,122.05996819533864,8.966121245112667,0.7545578420913662,5.80609845264131,6.851139621196597,390.25675573691706,4.483060622556334,Akresi,SINTETIS - PURWARUPA
S202,2024,-8.539468960567277,122.05996819533864,11.537127936239946,1.079898302585427,5.42470397923759,6.851139621196597,390.25675573691706,5.768563968119973,Akresi,SINTETIS - PURWARUPA
S202,2026,-8.539468960567277,122.05996819533864,14.648609009061117,0.8915348586332484,4.961346855663538,6.851139621196597,390.25675573691706,7.324304504530557,Akresi,SINTETIS - PURWARUPA
S203,2020,-8.539281711466474,122.06017804028949,1.9603755475080211,1.7840646275210037,6.389538120382026,2.7729038576765093,326.41112637899334,0.9801877737540108,Akresi,SINTETIS - PURWARUPA
S203,2022,-8.539281711466474,122.06017804028949,0.6672552276125729,0.9969422633072154,6.836391648089559,2.7729038576765093,326.41112637899334,0.3336276138062864,Stabil,SINTETIS - PURWARUPA
S203,2024,-8.539281711466474,122.06017804028949,3.4182356950689625,1.4908396179500385,5.8098954243966725,2.7729038576765093,326.41112637899334,1.7091178475344813,Akresi,SINTETIS - PURWARUPA
S203,2026,-8.539281711466474,122.06017804028949,0.9837566010439592,1.5179348366210663,4.487428025770332,2.7729038576765093,326.41112637899334,0.4918783005219795,Stabil,SINTETIS - PURWARUPA
S204,2020,-8.539043282354667,122.06037752249121,4.797979285810385,0.9081924737630638,6.659355617204927,5.224065261436727,243.7373892136985,2.3989896429051925,Akresi,SINTETIS - PURWARUPA
S204,2022,-8.539043282354667,122.06037752249121,9.053342824785693,1.5197012100973573,4.723048685824577,5.224065261436727,243.7373892136985,4.5266714123928455,Akresi,SINTETIS - PURWARUPA
S204,2024,-8.539043282354667,122.06037752249121,7.450518362386586,1.0932023115358809,5.09508429507259,5.224065261436727,243.7373892136985,3.725259181193293,Akresi,SINTETIS - PURWARUPA
S204,2026,-8.539043282354667,122.06037752249121,10.964774776508191,1.0177361855195646,5.8966234343051145,5.224065261436727,243.7373892136985,5.482387388254096,Akresi,SINTETIS - PURWARUPA
S205,2020,-8.538904166679888,122.06060380173844,-0.2108681475496614,1.290435199925828,4.517802877107538,0.2,244.5499119321223,-0.1054340737748307,Stabil,SINTETIS - PURWARUPA
S205,2022,-8.538904166679888,122.06060380173844,-2.764140623968768,1.28581471143166,5.287027015487695,0.2,244.5499119321223,-1.382070311984384,Abrasi,SINTETIS - PURWARUPA
S205,2024,-8.538904166679888,122.06060380173844,2.3526075188695894,0.7291144448822232,4.141616271907647,0.2,244.5499119321223,1.1763037594347947,Akresi,SINTETIS - PURWARUPA
S205,2026,-8.538904166679888,122.06060380173844,0.2822318220390205,0.6615172735920098,4.580421580461153,0.2,244.5499119321223,0.1411159110195102,Stabil,SINTETIS - PURWARUPA
S206,2020,-8.53865714415905,122.06083500556684,-1.054152798619263,1.140819462824608,6.710919764480806,2.6642442094203505,432.6319175961771,-0.5270763993096315,Abrasi,SINTETIS - PURWARUPA
S206,2022,-8.53865714415905,122.06083500556684,-0.3257864383485891,1.7756402411262049,5.012639625434817,2.6642442094203505,432.6319175961771,-0.1628932191742945,Stabil,SINTETIS - PURWARUPA
S206,2024,-8.53865714415905,122.06083500556684,2.0662562694256907,1.32399973542329,5.832813015664258,2.6642442094203505,432.6319175961771,1.0331281347128454,Akresi,SINTETIS - PURWARUPA
S206,2026,-8.53865714415905,122.06083500556684,4.867335690882182,1.5938837270983632,4.800407339603119,2.6642442094203505,432.6319175961771,2.433667845441091,Akresi,SINTETIS - PURWARUPA
S207,2020,-8.538516186153206,122.06103011976224,1.6123192149356154,1.5925888100617946,7.974158983277929,2.8379265314510755,271.2157114071373,0.8061596074678077,Akresi,SINTETIS - PURWARUPA
S207,2022,-8.538516186153206,122.06103011976224,0.6759499881277611,1.7415964824355443,9.0,2.8379265314510755,271.2157114071373,0.3379749940638805,Stabil,SINTETIS - PURWARUPA
S207,2024,-8.538516186153206,122.06103011976224,-0.1007303030699402,1.5696252289590955,6.344818089185985,2.8379265314510755,271.2157114071373,-0.0503651515349701,Stabil,SINTETIS - PURWARUPA
S207,2026,-8.538516186153206,122.06103011976224,5.280908914445696,1.244634427253435,4.892596879969199,2.8379265314510755,271.2157114071373,2.640454457222848,Akresi,SINTETIS - PURWARUPA
S208,2020,-8.538354678051935,122.06125609415665,8.09512748999301,1.3433976489355637,4.696005883746133,5.131181930222697,370.84110341857945,4.047563744996505,Akresi,SINTETIS - PURWARUPA
S208,2022,-8.538354678051935,122.06125609415665,5.683430096792981,1.6708619133184528,3.5724918180455414,5.131181930222697,370.84110341857945,2.8417150483964906,Akresi,SINTETIS - PURWARUPA
S208,2024,-8.538354678051935,122.06125609415665,8.010443538911911,1.457930411705867,6.434595660545238,5.131181930222697,370.84110341857945,4.005221769455956,Akresi,SINTETIS - PURWARUPA
S208,2026,-8.538354678051935,122.06125609415665,7.031887818948042,1.4993671004114155,6.202297037630627,5.131181930222697,370.84110341857945,3.515943909474021,Akresi,SINTETIS - PURWARUPA
S209,2020,-8.538189668365712,122.06146410952216,4.050101911387519,0.7400494834447853,5.023019998084683,3.5284867799601622,245.14490499739745,2.0250509556937595,Akresi,SINTETIS - PURWARUPA
S209,2022,-8.538189668365712,122.06146410952216,4.297080952878671,1.3015205028330046,5.203811445386097,3.5284867799601622,245.14490499739745,2.148540476439336,Akresi,SINTETIS - PURWARUPA
S209,2024,-8.538189668365712,122.06146410952216,4.684758715813603,1.022364984532978,3.5463493432585467,3.5284867799601622,245.14490499739745,2.3423793579068013,Akresi,SINTETIS - PURWARUPA
S209,2026,-8.538189668365712,122.06146410952216,4.435768212556168,1.6674400419256263,7.525063647383966,3.5284867799601622,245.14490499739745,2.217884106278084,Akresi,SINTETIS - PURWARUPA
S210,2020,-8.538033500727863,122.06168497643668,3.170201640497166,1.588756593530006,4.399541264247088,3.884951571622294,274.86275636930293,1.585100820248583,Akresi,SINTETIS - PURWARUPA
S210,2022,-8.538033500727863,122.06168497643668,1.279426313135703,1.547112990421645,6.490805143964392,3.884951571622294,274.86275636930293,0.6397131565678517,Akresi,SINTETIS - PURWARUPA
S210,2024,-8.538033500727863,122.06168497643668,4.843281939933968,1.2791950964649856,2.255418783911992,3.884951571622294,274.86275636930293,2.421640969966984,Akresi,SINTETIS - PURWARUPA
S210,2026,-8.538033500727863,122.06168497643668,6.345972942536307,1.2164547874601348,4.276498590199068,3.884951571622294,274.86275636930293,3.1729864712681537,Akresi,SINTETIS - PURWARUPA
S211,2020,-8.537811131178028,122.06184417103756,2.6205898653410227,1.5699911357166805,3.9617785027256014,3.8232619539526342,120.03462168953617,1.3102949326705111,Akresi,SINTETIS - PURWARUPA
S211,2022,-8.537811131178028,122.06184417103756,3.246112913754484,1.3008928348897228,5.863722261940397,3.8232619539526342,120.03462168953617,1.623056456877242,Akresi,SINTETIS - PURWARUPA
S211,2024,-8.537811131178028,122.06184417103756,1.7140051505107086,1.3106925387424908,3.6564732231469055,3.8232619539526342,120.03462168953617,0.8570025752553543,Akresi,SINTETIS - PURWARUPA
S211,2026,-8.537811131178028,122.06184417103756,3.5799257991071114,1.1956395713177232,5.490064139284495,3.8232619539526342,120.03462168953617,1.7899628995535557,Akresi,SINTETIS - PURWARUPA
S212,2020,-8.53761069645715,122.0621235708263,3.180643978313185,1.4790509427107932,5.889861662589501,2.052480912830734,211.0665189816927,1.5903219891565925,Akresi,SINTETIS - PURWARUPA
S212,2022,-8.53761069645715,122.0621235708263,1.8802220991562484,1.1658817309988032,5.41182560609152,2.052480912830734,211.0665189816927,0.9401110495781242,Akresi,SINTETIS - PURWARUPA
S212,2024,-8.53761069645715,122.0621235708263,-1.63690933881404,1.3918019642797146,4.899258224813616,2.052480912830734,211.0665189816927,-0.81845466940702,Abrasi,SINTETIS - PURWARUPA
S212,2026,-8.53761069645715,122.0621235708263,-0.6068359124531759,1.2212079043314443,4.211557104738639,2.052480912830734,211.0665189816927,-0.3034179562265879,Stabil,SINTETIS - PURWARUPA
S213,2020,-8.537473323180318,122.06232053470224,1.102724326911369,1.0836422486466937,5.187725643324255,4.375679817939423,334.1528572380011,0.5513621634556845,Akresi,SINTETIS - PURWARUPA
S213,2022,-8.537473323180318,122.06232053470224,6.497766452144694,1.226981017436057,5.978778280842815,4.375679817939423,334.1528572380011,3.248883226072347,Akresi,SINTETIS - PURWARUPA
S213,2024,-8.537473323180318,122.06232053470224,2.332359922845588,1.15043352140804,6.762225832633024,4.375679817939423,334.1528572380011,1.166179961422794,Akresi,SINTETIS - PURWARUPA
S213,2026,-8.537473323180318,122.06232053470224,10.00239759267784,0.9633302702996726,6.351594238765451,4.375679817939423,334.1528572380011,5.001198796338921,Akresi,SINTETIS - PURWARUPA
S214,2020,-8.537254649855422,122.06257073718228,-6.061402857798921,1.445293337913554,5.070324796514591,0.2072243802166871,20.0,-3.0307014288994605,Abrasi,SINTETIS - PURWARUPA
S214,2022,-8.537254649855422,122.06257073718228,-1.4672402802661106,1.4229364032905176,5.6381576410093714,0.2072243802166871,20.0,-0.7336201401330553,Abrasi,SINTETIS - PURWARUPA
S214,2024,-8.537254649855422,122.06257073718228,-3.295969649376021,1.447810799054445,6.974073242001261,0.2072243802166871,20.0,-1.6479848246880104,Abrasi,SINTETIS - PURWARUPA
S214,2026,-8.537254649855422,122.06257073718228,-4.286243386308,1.3596327518174325,6.777174623496618,0.2072243802166871,20.0,-2.143121693154,Abrasi,SINTETIS - PURWARUPA
S215,2020,-8.537005019391469,122.0628032051782,-1.630417094081349,2.0569977663660746,6.451008894007128,4.071243879256509,323.51343635616365,-0.8152085470406745,Abrasi,SINTETIS - PURWARUPA
S215,2022,-8.537005019391469,122.0628032051782,3.4707660545430485,1.8912146346686265,5.090924104665979,4.071243879256509,323.51343635616365,1.7353830272715245,Akresi,SINTETIS - PURWARUPA
S215,2024,-8.537005019391469,122.0628032051782,4.251171840888017,0.9522611097386566,6.131442421748675,4.071243879256509,323.51343635616365,2.1255859204440086,Akresi,SINTETIS - PURWARUPA
S215,2026,-8.537005019391469,122.0628032051782,9.479352397346622,1.4350593732977155,5.159081193567061,4.071243879256509,323.51343635616365,4.739676198673311,Akresi,SINTETIS - PURWARUPA
S216,2020,-8.536849985006063,122.06301334284899,0.672735782361004,1.787102202025975,5.105296155599947,3.5959665670532823,197.71798471106788,0.336367891180502,Stabil,SINTETIS - PURWARUPA
S216,2022,-8.536849985006063,122.06301334284899,2.3510733836814306,1.7425075022827374,4.854041085620021,3.5959665670532823,197.71798471106788,1.1755366918407153,Akresi,SINTETIS - PURWARUPA
S216,2024,-8.536849985006063,122.06301334284899,8.308498839890216,0.8465412264711525,6.345028414147801,3.5959665670532823,197.71798471106788,4.154249419945108,Akresi,SINTETIS - PURWARUPA
S216,2026,-8.536849985006063,122.06301334284899,1.2524990862434766,1.6524288804799272,7.254159001056766,3.5959665670532823,197.71798471106788,0.6262495431217383,Akresi,SINTETIS - PURWARUPA
S217,2020,-8.536722363086605,122.06320365265616,0.185167186961793,1.4356372145861545,3.8048307728785344,3.1583516816279857,358.1096068293507,0.0925835934808965,Stabil,SINTETIS - PURWARUPA
S217,2022,-8.536722363086605,122.06320365265616,7.756702017916035,0.9165926239782292,6.089743107927508,3.1583516816279857,358.1096068293507,3.878351008958017,Akresi,SINTETIS - PURWARUPA
S217,2024,-8.536722363086605,122.06320365265616,6.34769215372046,1.8768603854000745,3.224817761024723,3.1583516816279857,358.1096068293507,3.17384607686023,Akresi,SINTETIS - PURWARUPA
S217,2026,-8.536722363086605,122.06320365265616,3.737831533985436,1.7277401459551265,3.645640065365491,3.1583516816279857,358.1096068293507,1.868915766992718,Akresi,SINTETIS - PURWARUPA
S218,2020,-8.536516587142723,122.06346846045922,3.487300454205747,0.6518747913717943,5.232613389091346,1.5363574214180216,335.5039018114672,1.7436502271028735,Akresi,SINTETIS - PURWARUPA
S218,2022,-8.536516587142723,122.06346846045922,2.179142720048936,1.406437975449962,4.901274940045665,1.5363574214180216,335.5039018114672,1.089571360024468,Akresi,SINTETIS - PURWARUPA
S218,2024,-8.536516587142723,122.06346846045922,1.1358920066426563,1.7411631352803034,7.07204763144034,1.5363574214180216,335.5039018114672,0.5679460033213283,Akresi,SINTETIS - PURWARUPA
S218,2026,-8.536516587142723,122.06346846045922,0.8478155673997755,1.7784811778780012,6.379490268925041,1.5363574214180216,335.5039018114672,0.4239077836998877,Stabil,SINTETIS - PURWARUPA
S219,2020,-8.536366767545076,122.06366482966233,1.768733832630891,1.3012949313226765,5.789742591522916,1.681447560410411,116.25638876522676,0.8843669163154455,Akresi,SINTETIS - PURWARUPA
S219,2022,-8.536366767545076,122.06366482966233,1.1492796329720127,1.3853709702435706,6.704171549053196,1.681447560410411,116.25638876522676,0.5746398164860064,Akresi,SINTETIS - PURWARUPA
S219,2024,-8.536366767545076,122.06366482966233,-0.4296331116516877,1.318993620808923,6.21362825364422,1.681447560410411,116.25638876522676,-0.2148165558258438,Stabil,SINTETIS - PURWARUPA
S219,2026,-8.536366767545076,122.06366482966233,-2.8420258987631764,1.8627475629274668,6.263012005919118,1.681447560410411,116.25638876522676,-1.4210129493815882,Abrasi,SINTETIS - PURWARUPA
S220,2020,-8.536184607075503,122.06394139081874,3.2216314928579264,1.5910575932087008,4.25605252100248,3.228153448179948,312.6801042133096,1.6108157464289632,Akresi,SINTETIS - PURWARUPA
S220,2022,-8.536184607075503,122.06394139081874,6.323301953452955,0.912157696787881,4.749251072318325,3.228153448179948,312.6801042133096,3.1616509767264773,Akresi,SINTETIS - PURWARUPA
S220,2024,-8.536184607075503,122.06394139081874,4.24340364907722,1.524864701607925,5.134626630704168,3.228153448179948,312.6801042133096,2.12170182453861,Akresi,SINTETIS - PURWARUPA
S220,2026,-8.536184607075503,122.06394139081874,5.513881626882892,1.378967713285704,5.5150942028222,3.228153448179948,312.6801042133096,2.756940813441446,Akresi,SINTETIS - PURWARUPA
S221,2020,-8.536031273847287,122.06411315754605,1.2389845232358496,1.077840485312745,7.381847736476598,3.0315977080900205,28.01552755596421,0.6194922616179248,Akresi,SINTETIS - PURWARUPA
S221,2022,-8.536031273847287,122.06411315754605,2.934244997983933,0.9367440945095138,3.6515747489819073,3.0315977080900205,28.01552755596421,1.4671224989919665,Akresi,SINTETIS - PURWARUPA
S221,2024,-8.536031273847287,122.06411315754605,3.520353312224381,1.9464152866117683,5.275890238234777,3.0315977080900205,28.01552755596421,1.7601766561121903,Akresi,SINTETIS - PURWARUPA
S221,2026,-8.536031273847287,122.06411315754605,-0.4892845162083983,1.52317576978653,6.065500549415073,3.0315977080900205,28.01552755596421,-0.2446422581041991,Stabil,SINTETIS - PURWARUPA
S222,2020,-8.535801327127414,122.06432189949277,3.2260104728932704,1.4619672716284693,5.9224035447251575,4.794638680416362,136.0162025219442,1.6130052364466352,Akresi,SINTETIS - PURWARUPA
S222,2022,-8.535801327127414,122.06432189949277,3.094721814599013,1.5415908175801547,5.180323509768989,4.794638680416362,136.0162025219442,1.5473609072995065,Akresi,SINTETIS - PURWARUPA
S222,2024,-8.535801327127414,122.06432189949277,1.936100456071072,1.961919183977888,6.758743439633731,4.794638680416362,136.0162025219442,0.968050228035536,Akresi,SINTETIS - PURWARUPA
S222,2026,-8.535801327127414,122.06432189949277,3.55446187766008,1.5989555069581145,4.608785374358616,4.794638680416362,136.0162025219442,1.7772309388300398,Akresi,SINTETIS - PURWARUPA
S223,2020,-8.535618438531825,122.06450082446513,5.431952547306721,1.325958688921815,5.991701463547948,4.890283870364812,214.6188762397718,2.7159762736533604,Akresi,SINTETIS - PURWARUPA
S223,2022,-8.535618438531825,122.06450082446513,5.503383191026457,1.110779888109882,6.361270730500076,4.890283870364812,214.6188762397718,2.7516915955132286,Akresi,SINTETIS - PURWARUPA
S223,2024,-8.535618438531825,122.06450082446513,9.549382140302086,0.9603808224961866,5.296150619704313,4.890283870364812,214.6188762397718,4.774691070151043,Akresi,SINTETIS - PURWARUPA
S223,2026,-8.535618438531825,122.06450082446513,2.368896559448173,1.9868081793859933,6.360818149130413,4.890283870364812,214.6188762397718,1.1844482797240865,Akresi,SINTETIS - PURWARUPA
S224,2020,-8.535454734607994,122.06479747328099,2.968928661770024,1.5271420777366358,5.413105193403347,4.588561974978083,359.8936004163086,1.484464330885012,Akresi,SINTETIS - PURWARUPA
S224,2022,-8.535454734607994,122.06479747328099,6.776383044155487,0.7357225685244763,5.907570120056021,4.588561974978083,359.8936004163086,3.388191522077744,Akresi,SINTETIS - PURWARUPA
S224,2024,-8.535454734607994,122.06479747328099,7.409247135663341,1.5951515449886855,3.894947568048527,4.588561974978083,359.8936004163086,3.7046235678316703,Akresi,SINTETIS - PURWARUPA
S224,2026,-8.535454734607994,122.06479747328099,4.778580129739014,2.119090783117272,5.594140156933493,4.588561974978083,359.8936004163086,2.389290064869507,Akresi,SINTETIS - PURWARUPA
S225,2020,-8.535280182744385,122.0650529175646,0.7139794032824528,1.1201199021958246,4.8435943349860064,1.964528357450164,278.4489706751467,0.3569897016412264,Stabil,SINTETIS - PURWARUPA
S225,2022,-8.535280182744385,122.0650529175646,-0.5116482765400963,1.8715631345647452,7.661188720826484,1.964528357450164,278.4489706751467,-0.2558241382700481,Stabil,SINTETIS - PURWARUPA
S225,2024,-8.535280182744385,122.0650529175646,-0.6091687592949081,1.26819184694178,8.491286639966223,1.964528357450164,278.4489706751467,-0.304584379647454,Stabil,SINTETIS - PURWARUPA
S225,2026,-8.535280182744385,122.0650529175646,6.192468291239846,1.200102429974092,3.370068346505528,1.964528357450164,278.4489706751467,3.096234145619923,Akresi,SINTETIS - PURWARUPA
S226,2020,-8.535080405447296,122.06528448161997,-4.058133141558135,1.4245474314281446,6.467320260160164,1.415714971672811,454.1439130470753,-2.0290665707790674,Abrasi,SINTETIS - PURWARUPA
S226,2022,-8.535080405447296,122.06528448161997,-1.2062425118791031,1.9138286379328535,6.443820101598196,1.415714971672811,454.1439130470753,-0.6031212559395516,Abrasi,SINTETIS - PURWARUPA
S226,2024,-8.535080405447296,122.06528448161997,-0.1155298712348484,1.6257894406813924,4.581405638749301,1.415714971672811,454.1439130470753,-0.0577649356174242,Stabil,SINTETIS - PURWARUPA
S226,2026,-8.535080405447296,122.06528448161997,4.907561993075838,1.2377943852311113,3.2767265659716664,1.415714971672811,454.1439130470753,2.453780996537919,Akresi,SINTETIS - PURWARUPA
S227,2020,-8.534893705006642,122.06541090712938,1.2512550197514845,1.5148958867283606,4.746907310546765,4.022304523917228,212.82433355190693,0.6256275098757422,Akresi,SINTETIS - PURWARUPA
S227,2022,-8.534893705006642,122.06541090712938,6.900594927911089,1.7682262101083095,5.423355297850609,4.022304523917228,212.82433355190693,3.4502974639555446,Akresi,SINTETIS - PURWARUPA
S227,2024,-8.534893705006642,122.06541090712938,7.25028979424485,1.4162084876779488,4.388706351579409,4.022304523917228,212.82433355190693,3.625144897122425,Akresi,SINTETIS - PURWARUPA
S227,2026,-8.534893705006642,122.06541090712938,6.534958457422527,1.6207800574511069,6.372247436435709,4.022304523917228,212.82433355190693,3.2674792287112635,Akresi,SINTETIS - PURWARUPA
S228,2020,-8.534769036703882,122.06564812985462,1.0666980597126072,1.3077434474446148,7.103655349452189,3.24282525276831,69.29548483181344,0.5333490298563036,Akresi,SINTETIS - PURWARUPA
S228,2022,-8.534769036703882,122.06564812985462,7.016874965992799,0.9288785352542542,3.632992706002078,3.24282525276831,69.29548483181344,3.5084374829964,Akresi,SINTETIS - PURWARUPA
S228,2024,-8.534769036703882,122.06564812985462,2.381865962937868,1.3683883464107045,4.723107753158059,3.24282525276831,69.29548483181344,1.1909329814689338,Akresi,SINTETIS - PURWARUPA
S228,2026,-8.534769036703882,122.06564812985462,2.793652058672562,0.8829422859889338,7.207714179413943,3.24282525276831,69.29548483181344,1.396826029336281,Akresi,SINTETIS - PURWARUPA
S229,2020,-8.534528430769235,122.06587349700533,6.020908395635435,1.6986314320041764,6.362911655306004,5.64429796185266,285.93722986603194,3.010454197817717,Akresi,SINTETIS - PURWARUPA
S229,2022,-8.534528430769235,122.06587349700533,10.208324880845831,1.5217770670139483,5.2205791406612985,5.64429796185266,285.93722986603194,5.1041624404229164,Akresi,SINTETIS - PURWARUPA
S229,2024,-8.534528430769235,122.06587349700533,7.945412760502111,1.0825720552164346,5.505169170811792,5.64429796185266,285.93722986603194,3.972706380251056,Akresi,SINTETIS - PURWARUPA
S229,2026,-8.534528430769235,122.06587349700533,8.471154118316077,1.5408542636702325,4.984632824926599,5.64429796185266,285.93722986603194,4.235577059158039,Akresi,SINTETIS - PURWARUPA
S230,2020,-8.534394518092624,122.06604448887836,3.8889410284720656,0.7929649831428847,5.664247984827262,3.51432842938527,95.92085337577876,1.9444705142360328,Akresi,SINTETIS - PURWARUPA
S230,2022,-8.534394518092624,122.06604448887836,-2.2253988155728326,1.5843443147366016,6.180604848423633,3.51432842938527,95.92085337577876,-1.1126994077864163,Abrasi,SINTETIS - PURWARUPA
S230,2024,-8.534394518092624,122.06604448887836,0.939472838974844,0.9236440752323856,7.868225724176405,3.51432842938527,95.92085337577876,0.469736419487422,Stabil,SINTETIS - PURWARUPA
S230,2026,-8.534394518092624,122.06604448887836,3.811553100778982,1.6137943608978411,4.6756748540009845,3.51432842938527,95.92085337577876,1.905776550389491,Akresi,SINTETIS - PURWARUPA
S231,2020,-8.534228450441136,122.06632879368853,0.5608124757423187,1.0324397581117513,5.821329036991013,3.7051611759750487,187.2394316898073,0.2804062378711593,Stabil,SINTETIS - PURWARUPA
S231,2022,-8.534228450441136,122.06632879368853,3.975093457530361,1.5496183647422934,8.65178189084428,3.7051611759750487,187.2394316898073,1.98754672876518,Akresi,SINTETIS - PURWARUPA
S231,2024,-8.534228450441136,122.06632879368853,-0.6621895778160285,1.6514217604129569,5.397271242710623,3.7051611759750487,187.2394316898073,-0.3310947889080142,Stabil,SINTETIS - PURWARUPA
S231,2026,-8.534228450441136,122.06632879368853,3.168155830617425,0.9371997614349354,7.039351427323256,3.7051611759750487,187.2394316898073,1.5840779153087126,Akresi,SINTETIS - PURWARUPA
S232,2020,-8.534050430378013,122.0665269779396,-1.952647730573843,1.3823340745265025,4.430164654393557,1.906930611730168,78.25237716277093,-0.9763238652869216,Abrasi,SINTETIS - PURWARUPA
S232,2022,-8.534050430378013,122.0665269779396,-0.4357103189087808,1.1265831408485478,6.126832256601363,1.906930611730168,78.25237716277093,-0.2178551594543904,Stabil,SINTETIS - PURWARUPA
S232,2024,-8.534050430378013,122.0665269779396,-0.059831098315058,1.3374998112371512,6.21633507677066,1.906930611730168,78.25237716277093,-0.029915549157529,Stabil,SINTETIS - PURWARUPA
S232,2026,-8.534050430378013,122.0665269779396,2.4057063842387447,1.3026111810399894,6.064540426684205,1.906930611730168,78.25237716277093,1.2028531921193724,Akresi,SINTETIS - PURWARUPA
S233,2020,-8.533853865020053,122.06675436568715,-0.0351944689875073,1.6692016256883826,6.0339304750535465,2.327314655400008,129.50437395696645,-0.0175972344937536,Stabil,SINTETIS - PURWARUPA
S233,2022,-8.533853865020053,122.06675436568715,1.7383371086546895,1.4982990220539327,5.555443930977944,2.327314655400008,129.50437395696645,0.8691685543273447,Akresi,SINTETIS - PURWARUPA
S233,2024,-8.533853865020053,122.06675436568715,-0.1269317562145883,1.7272880663579742,6.593473606228777,2.327314655400008,129.50437395696645,-0.0634658781072941,Stabil,SINTETIS - PURWARUPA
S233,2026,-8.533853865020053,122.06675436568715,2.0601201594342164,1.885447455468093,5.774152818078785,2.327314655400008,129.50437395696645,1.0300600797171082,Akresi,SINTETIS - PURWARUPA
S234,2020,-8.533660990178342,122.0669793576551,-0.974546219970005,2.3958530382176733,5.0502459102519,2.3963720146245207,348.1891173682757,-0.4872731099850025,Stabil,SINTETIS - PURWARUPA
S234,2022,-8.533660990178342,122.0669793576551,5.267959449500518,1.243828157478458,4.914376118125679,2.3963720146245207,348.1891173682757,2.633979724750259,Akresi,SINTETIS - PURWARUPA
S234,2024,-8.533660990178342,122.0669793576551,-0.128842815322284,1.1644601437953872,4.931103431960366,2.3963720146245207,348.1891173682757,-0.064421407661142,Stabil,SINTETIS - PURWARUPA
S234,2026,-8.533660990178342,122.0669793576551,5.741458061388531,1.1348358964102134,3.449920128455983,2.3963720146245207,348.1891173682757,2.8707290306942657,Akresi,SINTETIS - PURWARUPA
S235,2020,-8.533405461898411,122.06718094709007,-1.957192446798499,1.1455762643744452,7.059216316664248,0.999863100514644,375.99995302016265,-0.9785962233992492,Abrasi,SINTETIS - PURWARUPA
S235,2022,-8.533405461898411,122.06718094709007,1.546929455472868,1.1788645088210266,5.2864509331051766,0.999863100514644,375.99995302016265,0.773464727736434,Akresi,SINTETIS - PURWARUPA
S235,2024,-8.533405461898411,122.06718094709007,0.1944627921367943,1.3204027792355202,4.903930356647553,0.999863100514644,375.99995302016265,0.0972313960683971,Stabil,SINTETIS - PURWARUPA
S235,2026,-8.533405461898411,122.06718094709007,-1.9597409879588072,0.9548506854246902,5.976437922752776,0.999863100514644,375.99995302016265,-0.9798704939794036,Abrasi,SINTETIS - PURWARUPA
S236,2020,-8.533322776458697,122.06743472901015,4.570716023711788,1.3772340145484168,6.90369541718262,3.954572424399075,332.6448802180946,2.285358011855894,Akresi,SINTETIS - PURWARUPA
S236,2022,-8.533322776458697,122.06743472901015,4.659339215698031,1.556149351486686,6.613054932776252,3.954572424399075,332.6448802180946,2.329669607849016,Akresi,SINTETIS - PURWARUPA
S236,2024,-8.533322776458697,122.06743472901015,6.607711969186574,1.2461877703285884,3.8873213059704,3.954572424399075,332.6448802180946,3.303855984593287,Akresi,SINTETIS - PURWARUPA
S236,2026,-8.533322776458697,122.06743472901015,2.520909266865287,1.591131230791,6.808566389366279,3.954572424399075,332.6448802180946,1.2604546334326434,Akresi,SINTETIS - PURWARUPA
S237,2020,-8.533156645746846,122.06764574446188,-0.0248387889908514,1.5312878573139668,3.277092502013254,3.39324951672037,20.0,-0.0124193944954257,Stabil,SINTETIS - PURWARUPA
S237,2022,-8.533156645746846,122.06764574446188,-2.603342836909455,1.8730884805010373,7.689854821368538,3.39324951672037,20.0,-1.3016714184547276,Abrasi,SINTETIS - PURWARUPA
S237,2024,-8.533156645746846,122.06764574446188,6.347268403261002,1.2847129619055568,5.551147027694447,3.39324951672037,20.0,3.173634201630501,Akresi,SINTETIS - PURWARUPA
S237,2026,-8.533156645746846,122.06764574446188,6.988676805941076,1.2274958682614594,4.9277391723600665,3.39324951672037,20.0,3.4943384029705378,Akresi,SINTETIS - PURWARUPA
S238,2020,-8.53296069648965,122.06787361350514,2.1301930645704106,0.8191411065857583,4.233479462853155,1.284285552331359,226.02741582707432,1.0650965322852053,Akresi,SINTETIS - PURWARUPA
S238,2022,-8.53296069648965,122.06787361350514,-1.9827884498879889,1.3825331131196503,5.11707311133643,1.284285552331359,226.02741582707432,-0.9913942249439944,Abrasi,SINTETIS - PURWARUPA
S238,2024,-8.53296069648965,122.06787361350514,1.9771030261234084,1.322770374365551,5.861335800520832,1.284285552331359,226.02741582707432,0.9885515130617042,Akresi,SINTETIS - PURWARUPA
S238,2026,-8.53296069648965,122.06787361350514,3.4513100655184,0.5,4.501886590884628,1.284285552331359,226.02741582707432,1.7256550327592,Akresi,SINTETIS - PURWARUPA
S239,2020,-8.532772418708547,122.06808404874117,5.552103148440205,1.215601381404488,5.205398212317399,3.901310429189831,207.31849918092297,2.7760515742201024,Akresi,SINTETIS - PURWARUPA
S239,2022,-8.532772418708547,122.06808404874117,4.3806168502594,1.1437972234829998,5.424631932227253,3.901310429189831,207.31849918092297,2.1903084251297,Akresi,SINTETIS - PURWARUPA
S239,2024,-8.532772418708547,122.06808404874117,4.99468023889362,1.9461228254560603,5.139630090116424,3.901310429189831,207.31849918092297,2.49734011944681,Akresi,SINTETIS - PURWARUPA
S239,2026,-8.532772418708547,122.06808404874117,3.48073588785478,1.8311927911427577,5.423494882011222,3.901310429189831,207.31849918092297,1.74036794392739,Akresi,SINTETIS - PURWARUPA
S240,2020,-8.53259932442523,122.06828427275984,2.9160087174413283,1.4823513982094545,4.149731787544198,4.781359790865249,282.341396815772,1.458004358720664,Akresi,SINTETIS - PURWARUPA
S240,2022,-8.53259932442523,122.06828427275984,2.020569098068383,2.150206388671943,5.286609129653573,4.781359790865249,282.341396815772,1.0102845490341914,Akresi,SINTETIS - PURWARUPA
S240,2024,-8.53259932442523,122.06828427275984,5.726728112583652,1.900884707956254,5.838170258420263,4.781359790865249,282.341396815772,2.863364056291826,Akresi,SINTETIS - PURWARUPA
S240,2026,-8.53259932442523,122.06828427275984,6.463748224531161,1.351683523651463,5.117592291307835,4.781359790865249,282.341396815772,3.2318741122655803,Akresi,SINTETIS - PURWARUPA
S241,2020,-8.532450934960176,122.06850930963161,4.9980042530250905,1.4300996727518254,2.6989875493476343,3.9440496155639257,509.0648527381255,2.4990021265125453,Akresi,SINTETIS - PURWARUPA
S241,2022,-8.532450934960176,122.06850930963161,0.4927049588522902,2.3588264465879067,6.539639481982047,3.9440496155639257,509.0648527381255,0.2463524794261451,Stabil,SINTETIS - PURWARUPA
S241,2024,-8.532450934960176,122.06850930963161,2.62965899009,1.6068872800506948,4.609583890132312,3.9440496155639257,509.0648527381255,1.314829495045,Akresi,SINTETIS - PURWARUPA
S241,2026,-8.532450934960176,122.06850930963161,2.5662479234892426,1.2780707228680743,5.609831727086633,3.9440496155639257,509.0648527381255,1.2831239617446213,Akresi,SINTETIS - PURWARUPA
S242,2020,-8.532263927593782,122.06873225752078,-0.3313663168432583,0.9748660854420036,6.356936498263961,2.887740236016569,305.2735779604527,-0.1656831584216291,Stabil,SINTETIS - PURWARUPA
S242,2022,-8.532263927593782,122.06873225752078,-0.3370257902261875,1.9749570056781705,3.44109005874602,2.887740236016569,305.2735779604527,-0.1685128951130937,Stabil,SINTETIS - PURWARUPA
S242,2024,-8.532263927593782,122.06873225752078,2.296503287557429,1.5460797810611402,7.497079901797166,2.887740236016569,305.2735779604527,1.1482516437787145,Akresi,SINTETIS - PURWARUPA
S242,2026,-8.532263927593782,122.06873225752078,1.0908112557940417,1.5970002720638368,5.52104428200767,2.887740236016569,305.2735779604527,0.5454056278970207,Akresi,SINTETIS - PURWARUPA
S243,2020,-8.532064156965514,122.06891559016228,-2.510282149710514,1.0068877062692132,5.883464808068034,1.5819350483346926,306.2448487047645,-1.255141074855257,Abrasi,SINTETIS - PURWARUPA
S243,2022,-8.532064156965514,122.06891559016228,2.9499802012059533,1.503734057040864,4.913580917244445,1.5819350483346926,306.2448487047645,1.4749901006029766,Akresi,SINTETIS - PURWARUPA
S243,2024,-8.532064156965514,122.06891559016228,-1.6268042725085352,1.513301613452673,6.98293947159297,1.5819350483346926,306.2448487047645,-0.8134021362542676,Abrasi,SINTETIS - PURWARUPA
S243,2026,-8.532064156965514,122.06891559016228,1.1604216800605112,1.4196501690854584,4.322695410260466,1.5819350483346926,306.2448487047645,0.5802108400302556,Akresi,SINTETIS - PURWARUPA
S244,2020,-8.53187731594175,122.06915017170726,2.163244370255098,0.581088159502411,4.232384243795851,1.6767457117314573,52.1075746886286,1.081622185127549,Akresi,SINTETIS - PURWARUPA
S244,2022,-8.53187731594175,122.06915017170726,4.7876507866176885,0.8405255137953509,3.858252584496034,1.6767457117314573,52.1075746886286,2.3938253933088443,Akresi,SINTETIS - PURWARUPA
S244,2024,-8.53187731594175,122.06915017170726,1.5375948439599791,1.177226382553111,5.885255210997803,1.6767457117314573,52.1075746886286,0.7687974219799896,Akresi,SINTETIS - PURWARUPA
S244,2026,-8.53187731594175,122.06915017170726,0.4860086423226312,1.631884145423448,3.6732229232703286,1.6767457117314573,52.1075746886286,0.2430043211613156,Stabil,SINTETIS - PURWARUPA
S245,2020,-8.531737999633153,122.06946533698964,2.1451559789668657,1.0357897008054733,3.704007427932544,1.1076871039766,103.30236935822518,1.0725779894834329,Akresi,SINTETIS - PURWARUPA
S245,2022,-8.531737999633153,122.06946533698964,-5.7187178092988376,2.247856765379224,4.929101056824859,1.1076871039766,103.30236935822518,-2.8593589046494188,Abrasi,SINTETIS - PURWARUPA
S245,2024,-8.531737999633153,122.06946533698964,0.4520293394935445,0.6170760754458925,5.207069537773478,1.1076871039766,103.30236935822518,0.2260146697467722,Stabil,SINTETIS - PURWARUPA
S245,2026,-8.531737999633153,122.06946533698964,1.1028105095765812,1.1720463557739491,5.765650304771474,1.1076871039766,103.30236935822518,0.5514052547882906,Akresi,SINTETIS - PURWARUPA
S246,2020,-8.53149976031733,122.06960246370772,1.0647765845727046,1.4043798157975356,6.56602902980158,1.8475672556386071,343.2166336929402,0.5323882922863523,Akresi,SINTETIS - PURWARUPA
S246,2022,-8.53149976031733,122.06960246370772,1.0321294915058592,0.9023832758335096,3.778933351050876,1.8475672556386071,343.2166336929402,0.5160647457529296,Akresi,SINTETIS - PURWARUPA
S246,2024,-8.53149976031733,122.06960246370772,2.4820819011260866,1.030307107098266,6.406302131171321,1.8475672556386071,343.2166336929402,1.2410409505630433,Akresi,SINTETIS - PURWARUPA
S246,2026,-8.53149976031733,122.06960246370772,1.430798750923684,1.7847143978248583,5.975784180893102,1.8475672556386071,343.2166336929402,0.7153993754618421,Akresi,SINTETIS - PURWARUPA
S247,2020,-8.531293460921656,122.06984603927408,1.6375041403244393,1.4403133091034763,5.134791274098494,3.6021514451565784,457.263424750296,0.8187520701622196,Akresi,SINTETIS - PURWARUPA
S247,2022,-8.531293460921656,122.06984603927408,2.626984312324949,1.6460589106658938,6.984460650210963,3.6021514451565784,457.263424750296,1.3134921561624744,Akresi,SINTETIS - PURWARUPA
S247,2024,-8.531293460921656,122.06984603927408,4.5833023485900535,1.8577704683229437,3.135981961634109,3.6021514451565784,457.263424750296,2.2916511742950267,Akresi,SINTETIS - PURWARUPA
S247,2026,-8.531293460921656,122.06984603927408,10.528668130635838,1.3859667807634473,4.627606753111183,3.6021514451565784,457.263424750296,5.264334065317919,Akresi,SINTETIS - PURWARUPA
S248,2020,-8.531151438594048,122.07003971553073,0.1835670813899292,1.1340462261292796,6.679887963334485,3.5389431701502576,20.0,0.0917835406949646,Stabil,SINTETIS - PURWARUPA
S248,2022,-8.531151438594048,122.07003971553073,4.698907905782503,1.109893693019905,7.071430763817281,3.5389431701502576,20.0,2.3494539528912517,Akresi,SINTETIS - PURWARUPA
S248,2024,-8.531151438594048,122.07003971553073,2.156047638824566,1.5809466652563997,4.953859199153599,3.5389431701502576,20.0,1.078023819412283,Akresi,SINTETIS - PURWARUPA
S248,2026,-8.531151438594048,122.07003971553073,2.5548490503117334,1.1185475134487644,4.306272257165626,3.5389431701502576,20.0,1.277424525155867,Akresi,SINTETIS - PURWARUPA
S249,2020,-8.53098799444727,122.07024090582416,-3.8207702129900127,1.482108453312703,7.5409513101139805,1.1544423221852766,280.7163737655468,-1.9103851064950064,Abrasi,SINTETIS - PURWARUPA
S249,2022,-8.53098799444727,122.07024090582416,-1.589564158510747,1.5036352063681446,5.875255095129762,1.1544423221852766,280.7163737655468,-0.7947820792553735,Abrasi,SINTETIS - PURWARUPA
S249,2024,-8.53098799444727,122.07024090582416,-0.3219652232829264,1.6605167560623866,6.430275024220857,1.1544423221852766,280.7163737655468,-0.1609826116414632,Stabil,SINTETIS - PURWARUPA
S249,2026,-8.53098799444727,122.07024090582416,-1.6306257555292372,1.3105261032332716,5.070963869734558,1.1544423221852766,280.7163737655468,-0.8153128777646186,Abrasi,SINTETIS - PURWARUPA
S250,2020,-8.530813630348426,122.07047328722817,-0.0703416826585322,1.8188197541454532,4.41032508120502,1.814042356355849,311.589355336273,-0.0351708413292661,Stabil,SINTETIS - PURWARUPA
S250,2022,-8.530813630348426,122.07047328722817,0.0740895829039227,1.0380611011646017,5.134093394873005,1.814042356355849,311.589355336273,0.0370447914519613,Stabil,SINTETIS - PURWARUPA
S250,2024,-8.530813630348426,122.07047328722817,3.12023198337556,1.6106634770122543,4.685454191389386,1.814042356355849,311.589355336273,1.56011599168778,Akresi,SINTETIS - PURWARUPA
S250,2026,-8.530813630348426,122.07047328722817,-0.0727943342747745,1.3139977292182303,4.720475548486203,1.814042356355849,311.589355336273,-0.0363971671373872,Stabil,SINTETIS - PURWARUPA
S251,2020,-8.530601856679759,122.07073880400597,2.583790535811404,1.9004256083646465,5.130966682339581,3.909981884805312,563.4364332980193,1.291895267905702,Akresi,SINTETIS - PURWARUPA
S251,2022,-8.530601856679759,122.07073880400597,7.278157245371698,1.5643938518198734,4.494376983489178,3.909981884805312,563.4364332980193,3.639078622685849,Akresi,SINTETIS - PURWARUPA
S251,2024,-8.530601856679759,122.07073880400597,6.511703870739041,1.5265601826452542,5.807750693030239,3.909981884805312,563.4364332980193,3.2558519353695203,Akresi,SINTETIS - PURWARUPA
S251,2026,-8.530601856679759,122.07073880400597,4.609741106762377,2.0029904591791707,5.705146422625006,3.909981884805312,563.4364332980193,2.3048705533811886,Akresi,SINTETIS - PURWARUPA
S252,2020,-8.530384191226368,122.07096097396636,-1.581469202909675,1.4683833205785797,5.93417553352598,3.0185302394244165,250.7261028122628,-0.7907346014548375,Abrasi,SINTETIS - PURWARUPA
S252,2022,-8.530384191226368,122.07096097396636,1.9149796681939608,0.8601303872694539,4.435131973597056,3.0185302394244165,250.7261028122628,0.9574898340969804,Akresi,SINTETIS - PURWARUPA
S252,2024,-8.530384191226368,122.07096097396636,2.692695225708867,1.174661595109624,6.261652770508005,3.0185302394244165,250.7261028122628,1.3463476128544336,Akresi,SINTETIS - PURWARUPA
S252,2026,-8.530384191226368,122.07096097396636,3.1641683840512043,1.4687381117535658,4.030835907949286,3.0185302394244165,250.7261028122628,1.582084192025602,Akresi,SINTETIS - PURWARUPA
S253,2020,-8.530231835085214,122.07116979602765,-2.47343010894667,2.169596748718816,5.4788824848932345,2.413139257718138,272.6327340931375,-1.236715054473335,Abrasi,SINTETIS - PURWARUPA
S253,2022,-8.530231835085214,122.07116979602765,1.078238389084846,1.339183163723244,5.6106125290322,2.413139257718138,272.6327340931375,0.539119194542423,Akresi,SINTETIS - PURWARUPA
S253,2024,-8.530231835085214,122.07116979602765,0.8748971884164682,1.3890258547632244,3.767863843675793,2.413139257718138,272.6327340931375,0.4374485942082341,Stabil,SINTETIS - PURWARUPA
S253,2026,-8.530231835085214,122.07116979602765,1.7684080353587386,1.347732667024976,5.301678435973076,2.413139257718138,272.6327340931375,0.8842040176793693,Akresi,SINTETIS - PURWARUPA
S254,2020,-8.530074763222649,122.07137377789957,5.453379865823898,1.5396861218543885,4.850079638279295,4.834120184786788,236.11035706835287,2.726689932911949,Akresi,SINTETIS - PURWARUPA
S254,2022,-8.530074763222649,122.07137377789957,5.69410113794263,1.531505604164325,6.538980403815783,4.834120184786788,236.11035706835287,2.847050568971315,Akresi,SINTETIS - PURWARUPA
S254,2024,-8.530074763222649,122.07137377789957,5.813731149077928,1.606057468008401,5.381899109610663,4.834120184786788,236.11035706835287,2.906865574538964,Akresi,SINTETIS - PURWARUPA
S254,2026,-8.530074763222649,122.07137377789957,4.700436559108374,1.7722281249580345,4.717510516716647,4.834120184786788,236.11035706835287,2.350218279554187,Akresi,SINTETIS - PURWARUPA
S255,2020,-8.529884009873129,122.07160440584461,1.0547197063194564,1.3671004290199251,2.841663861275835,2.263840251103993,239.5332411221368,0.5273598531597282,Akresi,SINTETIS - PURWARUPA
S255,2022,-8.529884009873129,122.07160440584461,3.964798835827223,1.3449387585030368,5.307648468612377,2.263840251103993,239.5332411221368,1.9823994179136115,Akresi,SINTETIS - PURWARUPA
S255,2024,-8.529884009873129,122.07160440584461,-2.217653352081406,0.9744705955218936,4.510452914554465,2.263840251103993,239.5332411221368,-1.108826676040703,Abrasi,SINTETIS - PURWARUPA
S255,2026,-8.529884009873129,122.07160440584461,1.889276365768553,1.2316791668390508,5.025227735048799,2.263840251103993,239.5332411221368,0.9446381828842764,Akresi,SINTETIS - PURWARUPA
S256,2020,-8.529676222494883,122.07183776597957,-0.1917240497086334,1.7591663838374023,5.476290568196978,3.616785086400956,198.1141725044193,-0.0958620248543167,Stabil,SINTETIS - PURWARUPA
S256,2022,-8.529676222494883,122.07183776597957,5.993421370971199,0.7993129628804069,4.9704226073251805,3.616785086400956,198.1141725044193,2.9967106854856,Akresi,SINTETIS - PURWARUPA
S256,2024,-8.529676222494883,122.07183776597957,0.3073974201281026,2.1967885413400814,5.573932415427371,3.616785086400956,198.1141725044193,0.1536987100640513,Stabil,SINTETIS - PURWARUPA
S256,2026,-8.529676222494883,122.07183776597957,1.409448289864493,0.985262177100525,6.162345875566719,3.616785086400956,198.1141725044193,0.7047241449322466,Akresi,SINTETIS - PURWARUPA
S257,2020,-8.529512942462025,122.07205647880208,1.0855014441117694,1.597729228741385,5.70512604535396,4.154419179849296,219.247365928602,0.5427507220558847,Akresi,SINTETIS - PURWARUPA
S257,2022,-8.529512942462025,122.07205647880208,4.18565412913401,2.0476443128312587,5.07798474446738,4.154419179849296,219.247365928602,2.092827064567005,Akresi,SINTETIS - PURWARUPA
S257,2024,-8.529512942462025,122.07205647880208,8.679626361756444,0.5534850010564998,7.031765059337115,4.154419179849296,219.247365928602,4.339813180878222,Akresi,SINTETIS - PURWARUPA
S257,2026,-8.529512942462025,122.07205647880208,6.061382139842506,1.4104418254943232,6.170525241685311,4.154419179849296,219.247365928602,3.030691069921253,Akresi,SINTETIS - PURWARUPA
S258,2020,-8.529368736322157,122.07226836112304,-2.84342938241868,1.7944301001243044,6.669589228840243,2.287054295191167,164.77403068965435,-1.4217146912093397,Abrasi,SINTETIS - PURWARUPA
S258,2022,-8.529368736322157,122.07226836112304,3.042138077818411,1.1432482797746355,4.725284077050794,2.287054295191167,164.77403068965435,1.5210690389092054,Akresi,SINTETIS - PURWARUPA
S258,2024,-8.529368736322157,122.07226836112304,3.434440072477665,1.050005326716361,5.928055166843143,2.287054295191167,164.77403068965435,1.7172200362388326,Akresi,SINTETIS - PURWARUPA
S258,2026,-8.529368736322157,122.07226836112304,0.977277256503526,1.3691140923974148,6.712076436237913,2.287054295191167,164.77403068965435,0.488638628251763,Stabil,SINTETIS - PURWARUPA
S259,2020,-8.529175868483097,122.07244263006694,1.9205944343644084,1.5224201362002707,5.414420719448878,5.025766021430308,142.68713742295816,0.9602972171822042,Akresi,SINTETIS - PURWARUPA
S259,2022,-8.529175868483097,122.07244263006694,5.082547680911246,1.1868138996618376,7.159446686848881,5.025766021430308,142.68713742295816,2.541273840455623,Akresi,SINTETIS - PURWARUPA
S259,2024,-8.529175868483097,122.07244263006694,5.97691460847541,1.046797380521605,5.86639394481843,5.025766021430308,142.68713742295816,2.988457304237705,Akresi,SINTETIS - PURWARUPA
S259,2026,-8.529175868483097,122.07244263006694,3.021757615522769,2.5,5.842148609610727,5.025766021430308,142.68713742295816,1.5108788077613844,Akresi,SINTETIS - PURWARUPA
S260,2020,-8.528946851977533,122.07263671636886,3.821868416581813,1.359330250474086,3.4200387464223057,3.641480234571646,529.2199892553501,1.9109342082909069,Akresi,SINTETIS - PURWARUPA
S260,2022,-8.528946851977533,122.07263671636886,1.2874796397593251,1.9090813143356629,5.951283515584925,3.641480234571646,529.2199892553501,0.6437398198796627,Akresi,SINTETIS - PURWARUPA
S260,2024,-8.528946851977533,122.07263671636886,6.540519208392777,1.1601650174873417,4.828359674620224,3.641480234571646,529.2199892553501,3.2702596041963883,Akresi,SINTETIS - PURWARUPA
S260,2026,-8.528946851977533,122.07263671636886,5.001553247279976,1.8683686465285283,6.762907615359005,3.641480234571646,529.2199892553501,2.500776623639988,Akresi,SINTETIS - PURWARUPA
S261,2020,-8.528849402157869,122.07287210947844,0.5055984106275222,1.3210515426259883,5.864980535423412,4.299878031820645,61.6340462893948,0.2527992053137611,Stabil,SINTETIS - PURWARUPA
S261,2022,-8.528849402157869,122.07287210947844,5.318148983441666,1.0415081829743975,5.387054722518617,4.299878031820645,61.6340462893948,2.659074491720833,Akresi,SINTETIS - PURWARUPA
S261,2024,-8.528849402157869,122.07287210947844,3.173475918060309,1.7715315696448148,6.228464121724662,4.299878031820645,61.6340462893948,1.5867379590301545,Akresi,SINTETIS - PURWARUPA
S261,2026,-8.528849402157869,122.07287210947844,5.002446597407284,1.1388318362550327,4.214911604986577,4.299878031820645,61.6340462893948,2.501223298703642,Akresi,SINTETIS - PURWARUPA
S262,2020,-8.528617154747518,122.07314204616509,-7.039008668327044,1.8215776430621544,5.595058057364968,0.3501470214123161,140.0052160425496,-3.519504334163522,Abrasi,SINTETIS - PURWARUPA
S262,2022,-8.528617154747518,122.07314204616509,-3.5644297573238832,2.2245374135593527,5.465269921222283,0.3501470214123161,140.0052160425496,-1.7822148786619416,Abrasi,SINTETIS - PURWARUPA
S262,2024,-8.528617154747518,122.07314204616509,-3.3990237756411377,1.5398336646157968,5.058885440607777,0.3501470214123161,140.0052160425496,-1.6995118878205688,Abrasi,SINTETIS - PURWARUPA
S262,2026,-8.528617154747518,122.07314204616509,-1.6662904074471028,2.142586244773079,6.703847043541301,0.3501470214123161,140.0052160425496,-0.8331452037235514,Abrasi,SINTETIS - PURWARUPA
S263,2020,-8.528432164139316,122.07332184793218,1.424340184769905,1.499150379352726,3.5327321134425174,5.41629528761041,131.9614278783551,0.7121700923849525,Akresi,SINTETIS - PURWARUPA
S263,2022,-8.528432164139316,122.07332184793218,1.7524124073378804,1.51140192092859,4.52908087936611,5.41629528761041,131.9614278783551,0.8762062036689402,Akresi,SINTETIS - PURWARUPA
S263,2024,-8.528432164139316,122.07332184793218,7.456925755213524,1.5892133260314762,8.044096925260947,5.41629528761041,131.9614278783551,3.728462877606762,Akresi,SINTETIS - PURWARUPA
S263,2026,-8.528432164139316,122.07332184793218,8.907688991296117,1.3099387401570146,5.510614368036335,5.41629528761041,131.9614278783551,4.453844495648059,Akresi,SINTETIS - PURWARUPA
S264,2020,-8.528235788974472,122.07356164138233,1.9005768314610143,1.593856712097591,5.34030826958648,3.5512665735868616,292.0860729470351,0.9502884157305072,Akresi,SINTETIS - PURWARUPA
S264,2022,-8.528235788974472,122.07356164138233,2.434579883169259,1.882941315414036,6.951424842931464,3.5512665735868616,292.0860729470351,1.2172899415846294,Akresi,SINTETIS - PURWARUPA
S264,2024,-8.528235788974472,122.07356164138233,6.026284434470492,2.0016881745080246,5.036265085328299,3.5512665735868616,292.0860729470351,3.013142217235246,Akresi,SINTETIS - PURWARUPA
S264,2026,-8.528235788974472,122.07356164138233,0.2176700644397904,1.589880405237443,9.0,3.5512665735868616,292.0860729470351,0.1088350322198952,Stabil,SINTETIS - PURWARUPA
S265,2020,-8.528110133172634,122.07380451138873,6.641358073697527,1.166068860845163,6.5859022224326615,4.095851079468488,523.0194577845026,3.3206790368487638,Akresi,SINTETIS - PURWARUPA
S265,2022,-8.528110133172634,122.07380451138873,7.782316362625222,1.6466267412772266,4.346804389690816,4.095851079468488,523.0194577845026,3.891158181312611,Akresi,SINTETIS - PURWARUPA
S265,2024,-8.528110133172634,122.07380451138873,4.828779094905827,1.8302637259603949,6.2195014237484525,4.095851079468488,523.0194577845026,2.4143895474529136,Akresi,SINTETIS - PURWARUPA
S265,2026,-8.528110133172634,122.07380451138873,7.540423986867973,1.4791378035155298,5.4055170493127465,4.095851079468488,523.0194577845026,3.7702119934339855,Akresi,SINTETIS - PURWARUPA
S266,2020,-8.527908518769479,122.0739864917046,-0.4185583381420716,1.477746284892308,5.467652996277751,1.927112532758612,144.71492448867912,-0.2092791690710358,Stabil,SINTETIS - PURWARUPA
S266,2022,-8.527908518769479,122.0739864917046,2.891687274223801,1.5752845967411386,4.747214888899745,1.927112532758612,144.71492448867912,1.4458436371119006,Akresi,SINTETIS - PURWARUPA
S266,2024,-8.527908518769479,122.0739864917046,2.11220013364197,1.306301210533384,4.97988761826219,1.927112532758612,144.71492448867912,1.056100066820985,Akresi,SINTETIS - PURWARUPA
S266,2026,-8.527908518769479,122.0739864917046,5.2103868064313446,0.7572214291687245,4.551358660332497,1.927112532758612,144.71492448867912,2.6051934032156723,Akresi,SINTETIS - PURWARUPA
S267,2020,-8.52778157547294,122.0742654746798,3.902251537255772,1.5021344685992084,6.842904501821232,5.766704849538702,198.27625270467524,1.951125768627886,Akresi,SINTETIS - PURWARUPA
S267,2022,-8.52778157547294,122.0742654746798,5.10386138197967,1.7037214321841634,4.694621445843194,5.766704849538702,198.27625270467524,2.551930690989835,Akresi,SINTETIS - PURWARUPA
S267,2024,-8.52778157547294,122.0742654746798,9.81123046517676,1.1202322374862592,5.911176639033764,5.766704849538702,198.27625270467524,4.905615232588381,Akresi,SINTETIS - PURWARUPA
S267,2026,-8.52778157547294,122.0742654746798,6.427660629589909,1.3355604737589923,3.974501008105116,5.766704849538702,198.27625270467524,3.2138303147949543,Akresi,SINTETIS - PURWARUPA
S268,2020,-8.527537614832427,122.07450727094628,1.756075104003565,1.6681643883975994,5.212601637295904,4.090587498971596,195.8344829088246,0.8780375520017825,Akresi,SINTETIS - PURWARUPA
S268,2022,-8.527537614832427,122.07450727094628,-1.4276867695091529,1.0645393130066576,7.190138613095627,4.090587498971596,195.8344829088246,-0.7138433847545764,Abrasi,SINTETIS - PURWARUPA
S268,2024,-8.527537614832427,122.07450727094628,3.18866714928226,1.6792507200977442,4.943506074642956,4.090587498971596,195.8344829088246,1.59433357464113,Akresi,SINTETIS - PURWARUPA
S268,2026,-8.527537614832427,122.07450727094628,2.7956877415103456,1.9923103046412345,4.643042689359938,4.090587498971596,195.8344829088246,1.3978438707551728,Akresi,SINTETIS - PURWARUPA
S269,2020,-8.527373364642235,122.07468436287546,0.4274060164561588,1.097005636691382,7.037600627757423,2.837216326560696,29.65974972497605,0.2137030082280794,Stabil,SINTETIS - PURWARUPA
S269,2022,-8.527373364642235,122.07468436287546,-0.5219800275280249,1.5578805492963377,5.186294551392355,2.837216326560696,29.65974972497605,-0.2609900137640124,Stabil,SINTETIS - PURWARUPA
S269,2024,-8.527373364642235,122.07468436287546,-0.373659511253719,1.9871493074563935,5.274169771538703,2.837216326560696,29.65974972497605,-0.1868297556268595,Stabil,SINTETIS - PURWARUPA
S269,2026,-8.527373364642235,122.07468436287546,0.7597754055438004,1.783649828224369,4.633167569359138,2.837216326560696,29.65974972497605,0.3798877027719002,Stabil,SINTETIS - PURWARUPA
S270,2020,-8.527189145414546,122.074891955557,5.717237802086417,1.5176868862233297,2.64633524469904,3.889417021854821,542.8336725153683,2.8586189010432084,Akresi,SINTETIS - PURWARUPA
S270,2022,-8.527189145414546,122.074891955557,5.178665934914752,1.4132579980713595,5.552140029221749,3.889417021854821,542.8336725153683,2.589332967457376,Akresi,SINTETIS - PURWARUPA
S270,2024,-8.527189145414546,122.074891955557,6.715983156330266,1.38996259931382,5.436865488333533,3.889417021854821,542.8336725153683,3.357991578165133,Akresi,SINTETIS - PURWARUPA
S270,2026,-8.527189145414546,122.074891955557,13.116117665358892,1.2102717209819245,4.36277639723299,3.889417021854821,542.8336725153683,6.558058832679446,Akresi,SINTETIS - PURWARUPA
S271,2020,-8.52703092853838,122.07511495174124,1.7682861050399556,1.0733710572587327,4.969032468579987,1.256509623686949,266.30557810719904,0.8841430525199778,Akresi,SINTETIS - PURWARUPA
S271,2022,-8.52703092853838,122.07511495174124,-4.7921604773773305,1.5652033489323256,6.182091429489783,1.256509623686949,266.30557810719904,-2.3960802386886653,Abrasi,SINTETIS - PURWARUPA
S271,2024,-8.52703092853838,122.07511495174124,2.406965966055916,2.0429133094401544,4.06974242686975,1.256509623686949,266.30557810719904,1.203482983027958,Akresi,SINTETIS - PURWARUPA
S271,2026,-8.52703092853838,122.07511495174124,-1.9876803088583208,1.75754035309352,6.1927992901416165,1.256509623686949,266.30557810719904,-0.9938401544291604,Abrasi,SINTETIS - PURWARUPA
S272,2020,-8.526824905119723,122.07531781981156,2.9765188419551416,0.686486322699657,6.846140981181506,3.5435593572579376,215.0178837280216,1.4882594209775708,Akresi,SINTETIS - PURWARUPA
S272,2022,-8.526824905119723,122.07531781981156,4.267558672603121,1.230319860174217,4.827607320604279,3.5435593572579376,215.0178837280216,2.1337793363015605,Akresi,SINTETIS - PURWARUPA
S272,2024,-8.526824905119723,122.07531781981156,6.2950132950040665,1.0871852815969347,2.793789329831148,3.5435593572579376,215.0178837280216,3.147506647502033,Akresi,SINTETIS - PURWARUPA
S272,2026,-8.526824905119723,122.07531781981156,1.6870526330439377,1.5816860492848874,5.26044181038684,3.5435593572579376,215.0178837280216,0.8435263165219689,Akresi,SINTETIS - PURWARUPA
S273,2020,-8.526646784748841,122.07550801148282,-1.990500271396197,1.6953786748120443,5.0648668594757,1.959154104968511,144.90228888941743,-0.9952501356980984,Abrasi,SINTETIS - PURWARUPA
S273,2022,-8.526646784748841,122.07550801148282,-0.9581982408916252,2.084142380393936,5.922954996626457,1.959154104968511,144.90228888941743,-0.4790991204458126,Stabil,SINTETIS - PURWARUPA
S273,2024,-8.526646784748841,122.07550801148282,-3.006846882192397,1.2706047391769286,4.784353998835867,1.959154104968511,144.90228888941743,-1.5034234410961984,Abrasi,SINTETIS - PURWARUPA
S273,2026,-8.526646784748841,122.07550801148282,0.1129062863908755,1.7390591861732454,6.037971646907655,1.959154104968511,144.90228888941743,0.0564531431954377,Stabil,SINTETIS - PURWARUPA
S274,2020,-8.526473569616122,122.07579403178177,-0.1469884654707709,1.0022939979876142,7.625811138984096,1.1679348903802205,167.41661358246722,-0.0734942327353854,Stabil,SINTETIS - PURWARUPA
S274,2022,-8.526473569616122,122.07579403178177,1.132175544283067,0.6290575756026224,3.683486048032029,1.1679348903802205,167.41661358246722,0.5660877721415335,Akresi,SINTETIS - PURWARUPA
S274,2024,-8.526473569616122,122.07579403178177,4.5518321098964885,1.2346459257746512,3.9107413503077337,1.1679348903802205,167.41661358246722,2.275916054948244,Akresi,SINTETIS - PURWARUPA
S274,2026,-8.526473569616122,122.07579403178177,-1.5977241676388614,1.5093889698939027,6.069779587435709,1.1679348903802205,167.41661358246722,-0.7988620838194307,Abrasi,SINTETIS - PURWARUPA
S275,2020,-8.526267784590653,122.07598053447104,2.6638489908288,0.8298508522288951,7.416433431821179,3.074985239438751,335.5402743755364,1.3319244954143998,Akresi,SINTETIS - PURWARUPA
S275,2022,-8.526267784590653,122.07598053447104,0.3552068603609961,1.8483304730731485,4.209496292057418,3.074985239438751,335.5402743755364,0.177603430180498,Stabil,SINTETIS - PURWARUPA
S275,2024,-8.526267784590653,122.07598053447104,4.198606511833482,0.9933349224400656,5.800357207197807,3.074985239438751,335.5402743755364,2.099303255916741,Akresi,SINTETIS - PURWARUPA
S275,2026,-8.526267784590653,122.07598053447104,2.3791394061085223,1.2374558632690866,4.283116968537665,3.074985239438751,335.5402743755364,1.1895697030542611,Akresi,SINTETIS - PURWARUPA
S276,2020,-8.52611090733208,122.07619797985048,-0.2230234469036567,1.371186012632543,7.024051520712311,2.4715895114626063,466.5925280584253,-0.1115117234518283,Stabil,SINTETIS - PURWARUPA
S276,2022,-8.52611090733208,122.07619797985048,-1.3878519782089187,1.4856716993295298,5.433428780492398,2.4715895114626063,466.5925280584253,-0.6939259891044594,Abrasi,SINTETIS - PURWARUPA
S276,2024,-8.52611090733208,122.07619797985048,3.331912221814084,1.8999184071923692,5.337815671561101,2.4715895114626063,466.5925280584253,1.665956110907042,Akresi,SINTETIS - PURWARUPA
S276,2026,-8.52611090733208,122.07619797985048,2.500286693075635,1.1367899471384542,5.302186742104283,2.4715895114626063,466.5925280584253,1.2501433465378176,Akresi,SINTETIS - PURWARUPA
S277,2020,-8.525892372860584,122.0764412897343,-0.2606108757878469,1.8047194539146576,6.418411043363543,4.050580290021332,440.145780594697,-0.1303054378939234,Stabil,SINTETIS - PURWARUPA
S277,2022,-8.525892372860584,122.0764412897343,7.119351489138495,1.1565123081691606,4.295334236786377,4.050580290021332,440.145780594697,3.5596757445692475,Akresi,SINTETIS - PURWARUPA
S277,2024,-8.525892372860584,122.0764412897343,5.528497879403447,1.459728179612518,3.831385079643287,4.050580290021332,440.145780594697,2.764248939701724,Akresi,SINTETIS - PURWARUPA
S277,2026,-8.525892372860584,122.0764412897343,3.85493758049968,0.8770606824984275,5.4362122143162885,4.050580290021332,440.145780594697,1.92746879024984,Akresi,SINTETIS - PURWARUPA
S278,2020,-8.525733587990265,122.07666328633266,4.387443790875775,1.251980010462124,6.481684111929383,6.361922740020322,368.702260529628,2.1937218954378874,Akresi,SINTETIS - PURWARUPA
S278,2022,-8.525733587990265,122.07666328633266,4.243593038169049,1.06313458871162,5.899771038490132,6.361922740020322,368.702260529628,2.1217965190845245,Akresi,SINTETIS - PURWARUPA
S278,2024,-8.525733587990265,122.07666328633266,9.481055518600591,1.3869937252731408,4.275684049457896,6.361922740020322,368.702260529628,4.740527759300296,Akresi,SINTETIS - PURWARUPA
S278,2026,-8.525733587990265,122.07666328633266,10.038303274956396,1.0227922746834577,6.009097764946226,6.361922740020322,368.702260529628,5.019151637478198,Akresi,SINTETIS - PURWARUPA
S279,2020,-8.525527441837562,122.0768721494899,2.257449589621692,0.929517261044144,5.987364705646528,2.3470357925578007,215.4359801841804,1.128724794810846,Akresi,SINTETIS - PURWARUPA
S279,2022,-8.525527441837562,122.0768721494899,-1.139077471848255,2.264218612842486,4.753796811274714,2.3470357925578007,215.4359801841804,-0.5695387359241275,Abrasi,SINTETIS - PURWARUPA
S279,2024,-8.525527441837562,122.0768721494899,2.754174922994995,1.1984845164466245,5.754536441357469,2.3470357925578007,215.4359801841804,1.3770874614974975,Akresi,SINTETIS - PURWARUPA
S279,2026,-8.525527441837562,122.0768721494899,0.5825248164181629,1.381318804450021,6.803591100247639,2.3470357925578007,215.4359801841804,0.2912624082090814,Stabil,SINTETIS - PURWARUPA
S280,2020,-8.52535986759363,122.07710810238949,1.208280524532927,2.249333715555979,4.519589619109505,3.4819551201515804,205.90887029399968,0.6041402622664633,Akresi,SINTETIS - PURWARUPA
S280,2022,-8.52535986759363,122.07710810238949,4.126849810847872,1.1374233254152537,7.642744898345567,3.4819551201515804,205.90887029399968,2.063424905423936,Akresi,SINTETIS - PURWARUPA
S280,2024,-8.52535986759363,122.07710810238949,4.200683226226456,1.1625775424055995,6.115113992117474,3.4819551201515804,205.90887029399968,2.100341613113228,Akresi,SINTETIS - PURWARUPA
S280,2026,-8.52535986759363,122.07710810238949,4.906766845044682,1.2191813333088413,6.409797060673808,3.4819551201515804,205.90887029399968,2.453383422522341,Akresi,SINTETIS - PURWARUPA
S281,2020,-8.525202981853651,122.07731068986254,7.096167082403946,1.420682666558756,4.730780900814924,4.146581738899477,282.1142726089443,3.548083541201973,Akresi,SINTETIS - PURWARUPA
S281,2022,-8.525202981853651,122.07731068986254,4.045406186255393,1.0323530198280084,6.013163462655694,4.146581738899477,282.1142726089443,2.0227030931276966,Akresi,SINTETIS - PURWARUPA
S281,2024,-8.525202981853651,122.07731068986254,2.470490521779189,2.015841544307255,4.415820955331391,4.146581738899477,282.1142726089443,1.2352452608895947,Akresi,SINTETIS - PURWARUPA
S281,2026,-8.525202981853651,122.07731068986254,3.333975334735932,1.0605636778583611,5.888158061140732,4.146581738899477,282.1142726089443,1.6669876673679658,Akresi,SINTETIS - PURWARUPA
S282,2020,-8.52504380866991,122.0774673764792,0.4861317474555666,0.8791801396238513,6.80273128356887,3.860632031192136,179.96991977412324,0.2430658737277833,Stabil,SINTETIS - PURWARUPA
S282,2022,-8.52504380866991,122.0774673764792,6.209949088426451,1.6789302915098752,4.658751011214635,3.860632031192136,179.96991977412324,3.104974544213225,Akresi,SINTETIS - PURWARUPA
S282,2024,-8.52504380866991,122.0774673764792,2.07491775988214,1.662342688624151,4.290342554951167,3.860632031192136,179.96991977412324,1.0374588799410698,Akresi,SINTETIS - PURWARUPA
S282,2026,-8.52504380866991,122.0774673764792,3.97863569752195,1.6119338218285084,5.1851462431478,3.860632031192136,179.96991977412324,1.989317848760975,Akresi,SINTETIS - PURWARUPA
S283,2020,-8.524811285649214,122.07772948678769,1.8840552303653164,1.68319112093496,5.308464798975193,3.636940658263182,383.6478911113229,0.9420276151826582,Akresi,SINTETIS - PURWARUPA
S283,2022,-8.524811285649214,122.07772948678769,6.244675272996173,0.791414588117674,4.232506008801765,3.636940658263182,383.6478911113229,3.1223376364980866,Akresi,SINTETIS - PURWARUPA
S283,2024,-8.524811285649214,122.07772948678769,6.542912499994263,1.3517412338702173,5.589912494279472,3.636940658263182,383.6478911113229,3.271456249997132,Akresi,SINTETIS - PURWARUPA
S283,2026,-8.524811285649214,122.07772948678769,6.5178947016724,0.984436911828204,5.21658363732082,3.636940658263182,383.6478911113229,3.2589473508362,Akresi,SINTETIS - PURWARUPA
S284,2020,-8.524690577613194,122.07801489176728,4.00047540573636,2.027981122765005,3.701325664467829,4.8628802024197215,290.61866579242576,2.00023770286818,Akresi,SINTETIS - PURWARUPA
S284,2022,-8.524690577613194,122.07801489176728,6.1012923298662045,1.5282179391269213,4.402533943847294,4.8628802024197215,290.61866579242576,3.0506461649331023,Akresi,SINTETIS - PURWARUPA
S284,2024,-8.524690577613194,122.07801489176728,8.58292009164764,1.0126961271742427,6.328668781929104,4.8628802024197215,290.61866579242576,4.29146004582382,Akresi,SINTETIS - PURWARUPA
S284,2026,-8.524690577613194,122.07801489176728,5.545310045975446,1.4953166903949149,3.276642621922065,4.8628802024197215,290.61866579242576,2.772655022987723,Akresi,SINTETIS - PURWARUPA
S285,2020,-8.524472511514972,122.07819258341318,-0.0120289811558835,1.447829777188841,4.517110403199946,0.2,423.9962537415537,-0.0060144905779417,Stabil,SINTETIS - PURWARUPA
S285,2022,-8.524472511514972,122.07819258341318,-0.0288397295611247,1.1628609954825853,4.673857458874942,0.2,423.9962537415537,-0.0144198647805623,Stabil,SINTETIS - PURWARUPA
S285,2024,-8.524472511514972,122.07819258341318,-2.467728676947498,2.023363460734803,7.448304613567464,0.2,423.9962537415537,-1.233864338473749,Abrasi,SINTETIS - PURWARUPA
S285,2026,-8.524472511514972,122.07819258341318,-3.5364287164130355,1.5618349805976115,6.44979871850179,0.2,423.9962537415537,-1.7682143582065175,Abrasi,SINTETIS - PURWARUPA
S286,2020,-8.524290128364953,122.07838992524984,-3.713801335772348,1.575422914489975,5.641724158007752,3.9777171001948712,218.1545321349728,-1.856900667886174,Abrasi,SINTETIS - PURWARUPA
S286,2022,-8.524290128364953,122.07838992524984,3.989312973274002,1.4626120990968132,6.270583542759115,3.9777171001948712,218.1545321349728,1.994656486637001,Akresi,SINTETIS - PURWARUPA
S286,2024,-8.524290128364953,122.07838992524984,4.096935612033194,1.364094918826997,7.470594030316487,3.9777171001948712,218.1545321349728,2.048467806016597,Akresi,SINTETIS - PURWARUPA
S286,2026,-8.524290128364953,122.07838992524984,4.806117424308883,1.553185655067587,6.753390272860683,3.9777171001948712,218.1545321349728,2.4030587121544413,Akresi,SINTETIS - PURWARUPA
S287,2020,-8.52415639334767,122.07855879733147,1.6627435356501523,1.2764162840037678,6.461414046738075,2.784318646972878,356.5323736233563,0.8313717678250763,Akresi,SINTETIS - PURWARUPA
S287,2022,-8.52415639334767,122.07855879733147,2.3288751305286803,1.8508231245917648,5.145739951455207,2.784318646972878,356.5323736233563,1.1644375652643402,Akresi,SINTETIS - PURWARUPA
S287,2024,-8.52415639334767,122.07855879733147,-1.6876317939315966,1.5770597725873756,7.301922247157432,2.784318646972878,356.5323736233563,-0.8438158969657983,Abrasi,SINTETIS - PURWARUPA
S287,2026,-8.52415639334767,122.07855879733147,6.612607963703466,1.2395571039063948,6.5182193264662045,2.784318646972878,356.5323736233563,3.306303981851733,Akresi,SINTETIS - PURWARUPA
S288,2020,-8.523942250669688,122.07884316632897,7.008185651770299,1.2741184124664424,5.896368774613055,4.635677553011667,371.6183745324356,3.5040928258851496,Akresi,SINTETIS - PURWARUPA
S288,2022,-8.523942250669688,122.07884316632897,3.48017527347121,2.061660647646058,6.39112595108235,4.635677553011667,371.6183745324356,1.740087636735605,Akresi,SINTETIS - PURWARUPA
S288,2024,-8.523942250669688,122.07884316632897,5.457855642654143,1.381073688386732,6.168875868632347,4.635677553011667,371.6183745324356,2.728927821327072,Akresi,SINTETIS - PURWARUPA
S288,2026,-8.523942250669688,122.07884316632897,9.66790197453016,1.4663741746578358,4.23054848256295,4.635677553011667,371.6183745324356,4.83395098726508,Akresi,SINTETIS - PURWARUPA
S289,2020,-8.523803658356881,122.07905898410107,3.177657081989309,1.2520609553016853,4.700781023247524,3.6463898912777206,528.7381631844094,1.5888285409946543,Akresi,SINTETIS - PURWARUPA
S289,2022,-8.523803658356881,122.07905898410107,2.5300170119173577,1.9806140086639592,2.1251836077927746,3.6463898912777206,528.7381631844094,1.2650085059586789,Akresi,SINTETIS - PURWARUPA
S289,2024,-8.523803658356881,122.07905898410107,0.360037954365211,2.355951048205843,6.209058488189965,3.6463898912777206,528.7381631844094,0.1800189771826055,Stabil,SINTETIS - PURWARUPA
S289,2026,-8.523803658356881,122.07905898410107,7.382278351191131,1.38532870623883,5.580945479281434,3.6463898912777206,528.7381631844094,3.691139175595565,Akresi,SINTETIS - PURWARUPA
S290,2020,-8.523534267754982,122.07930360400432,-1.033885559150523,1.1556115560979985,4.259995004813165,2.690317545480559,360.1918218937486,-0.5169427795752615,Abrasi,SINTETIS - PURWARUPA
S290,2022,-8.523534267754982,122.07930360400432,1.423925073014562,0.8522050619248597,4.424265812650874,2.690317545480559,360.1918218937486,0.711962536507281,Akresi,SINTETIS - PURWARUPA
S290,2024,-8.523534267754982,122.07930360400432,-3.090572383839153,1.509632784581151,4.060717809011158,2.690317545480559,360.1918218937486,-1.5452861919195766,Abrasi,SINTETIS - PURWARUPA
S290,2026,-8.523534267754982,122.07930360400432,3.3379926608034114,1.0346308788936869,4.933768422734297,2.690317545480559,360.1918218937486,1.6689963304017057,Akresi,SINTETIS - PURWARUPA
S291,2020,-8.52336386707469,122.0794935411771,4.714700747441099,1.3851933460145904,4.497543653382356,4.821385194798797,247.34243604467937,2.357350373720549,Akresi,SINTETIS - PURWARUPA
S291,2022,-8.52336386707469,122.0794935411771,5.073397678622959,1.132216355585904,5.704029177105484,4.821385194798797,247.34243604467937,2.5366988393114798,Akresi,SINTETIS - PURWARUPA
S291,2024,-8.52336386707469,122.0794935411771,6.794007581018852,1.06938022338294,6.690273207640715,4.821385194798797,247.34243604467937,3.397003790509426,Akresi,SINTETIS - PURWARUPA
S291,2026,-8.52336386707469,122.0794935411771,6.547383072743328,1.243178043050213,5.674591656442372,4.821385194798797,247.34243604467937,3.273691536371664,Akresi,SINTETIS - PURWARUPA
S292,2020,-8.523255480543186,122.07973406234075,2.8025289748985776,0.8320314344067162,5.069671175753643,2.5684823677889383,117.7092630131861,1.4012644874492888,Akresi,SINTETIS - PURWARUPA
S292,2022,-8.523255480543186,122.07973406234075,1.8704851561569296,1.156869226317399,8.524850430589563,2.5684823677889383,117.7092630131861,0.9352425780784648,Akresi,SINTETIS - PURWARUPA
S292,2024,-8.523255480543186,122.07973406234075,3.897373361723794,1.8565155464311676,6.45429161448851,2.5684823677889383,117.7092630131861,1.948686680861897,Akresi,SINTETIS - PURWARUPA
S292,2026,-8.523255480543186,122.07973406234075,3.421947339338793,1.12454930578461,2.4271151372096544,2.5684823677889383,117.7092630131861,1.7109736696693965,Akresi,SINTETIS - PURWARUPA
S293,2020,-8.523032706257801,122.07995649296305,1.0411210708770156,1.5337201510618748,6.458695513109226,3.913208916451676,434.9274003737821,0.5205605354385078,Akresi,SINTETIS - PURWARUPA
S293,2022,-8.523032706257801,122.07995649296305,4.51947856037507,1.016612208774387,7.4369367076293855,3.913208916451676,434.9274003737821,2.259739280187535,Akresi,SINTETIS - PURWARUPA
S293,2024,-8.523032706257801,122.07995649296305,4.563037122310262,1.1818697857938527,4.754326607743458,3.913208916451676,434.9274003737821,2.281518561155131,Akresi,SINTETIS - PURWARUPA
S293,2026,-8.523032706257801,122.07995649296305,3.983801322988066,1.1518643426339552,3.960222636875608,3.913208916451676,434.9274003737821,1.991900661494033,Akresi,SINTETIS - PURWARUPA
S294,2020,-8.522875302946398,122.08015415967776,5.021238785752788,1.492861188027294,4.60825551093466,5.160738928164943,291.03073145736835,2.510619392876394,Akresi,SINTETIS - PURWARUPA
S294,2022,-8.522875302946398,122.08015415967776,4.913805008615599,1.526350386271004,6.35943488765521,5.160738928164943,291.03073145736835,2.4569025043077994,Akresi,SINTETIS - PURWARUPA
S294,2024,-8.522875302946398,122.08015415967776,7.216759911038811,1.777693322763473,5.509587170689532,5.160738928164943,291.03073145736835,3.6083799555194056,Akresi,SINTETIS - PURWARUPA
S294,2026,-8.522875302946398,122.08015415967776,9.05900710549114,1.228551726993797,3.32489396011763,5.160738928164943,291.03073145736835,4.52950355274557,Akresi,SINTETIS - PURWARUPA
S295,2020,-8.522667693093172,122.08040920787383,4.239195467241078,1.1176388119940426,6.162073922852537,4.13327999215616,201.19782476630175,2.119597733620539,Akresi,SINTETIS - PURWARUPA
S295,2022,-8.522667693093172,122.08040920787383,1.8301114952058983,1.2036853182046607,6.831309027030468,4.13327999215616,201.19782476630175,0.9150557476029492,Akresi,SINTETIS - PURWARUPA
S295,2024,-8.522667693093172,122.08040920787383,5.765846548987491,1.1957668174231355,7.463710254809998,4.13327999215616,201.19782476630175,2.8829232744937454,Akresi,SINTETIS - PURWARUPA
S295,2026,-8.522667693093172,122.08040920787383,5.593105357891309,1.274696742938142,5.844856851572261,4.13327999215616,201.19782476630175,2.7965526789456545,Akresi,SINTETIS - PURWARUPA
S296,2020,-8.522591821231016,122.08058475323539,0.4800046988453573,1.4864858976906472,6.855378775537504,3.4237300743360777,200.07439328169716,0.2400023494226786,Stabil,SINTETIS - PURWARUPA
S296,2022,-8.522591821231016,122.08058475323539,2.6089933223475463,1.0298208213569973,5.889821990213254,3.4237300743360777,200.07439328169716,1.3044966611737732,Akresi,SINTETIS - PURWARUPA
S296,2024,-8.522591821231016,122.08058475323539,8.084667996062013,1.345377774712334,5.149871537016305,3.4237300743360777,200.07439328169716,4.042333998031007,Akresi,SINTETIS - PURWARUPA
S296,2026,-8.522591821231016,122.08058475323539,5.950930229427775,0.6157535086507192,5.033999316240824,3.4237300743360777,200.07439328169716,2.9754651147138875,Akresi,SINTETIS - PURWARUPA
S297,2020,-8.522352887089834,122.08085894222884,4.229378017377663,1.305264185629707,5.365651798922023,4.719886518079459,243.31435341160432,2.1146890086888317,Akresi,SINTETIS - PURWARUPA
S297,2022,-8.522352887089834,122.08085894222884,5.536841218234247,1.372569440155983,5.2744010781798405,4.719886518079459,243.31435341160432,2.7684206091171237,Akresi,SINTETIS - PURWARUPA
S297,2024,-8.522352887089834,122.08085894222884,3.5531152338930285,1.6636242226897526,4.023687822881708,4.719886518079459,243.31435341160432,1.7765576169465145,Akresi,SINTETIS - PURWARUPA
S297,2026,-8.522352887089834,122.08085894222884,7.649226715463686,0.7880186896807667,6.53967688042912,4.719886518079459,243.31435341160432,3.824613357731843,Akresi,SINTETIS - PURWARUPA
S298,2020,-8.52213429478959,122.08100906250672,3.6230732865167994,1.4588720324889397,6.525261592814046,6.177422184320207,164.7608728596499,1.8115366432583992,Akresi,SINTETIS - PURWARUPA
S298,2022,-8.52213429478959,122.08100906250672,12.926782135050622,1.2087864745205663,5.715006129521049,6.177422184320207,164.7608728596499,6.463391067525311,Akresi,SINTETIS - PURWARUPA
S298,2024,-8.52213429478959,122.08100906250672,8.899964203398193,1.5053936599982085,7.427633380756862,6.177422184320207,164.7608728596499,4.449982101699097,Akresi,SINTETIS - PURWARUPA
S298,2026,-8.52213429478959,122.08100906250672,10.658224196567184,1.5288035127730817,4.312965074043186,6.177422184320207,164.7608728596499,5.329112098283592,Akresi,SINTETIS - PURWARUPA
S299,2020,-8.522014396125318,122.08131997370761,1.240022863520407,1.2808228667388564,6.284737385107529,3.800007962327383,20.0,0.6200114317602035,Akresi,SINTETIS - PURWARUPA
S299,2022,-8.522014396125318,122.08131997370761,-0.1984934297518132,1.6502520338477504,4.479970998745245,3.800007962327383,20.0,-0.0992467148759066,Stabil,SINTETIS - PURWARUPA
S299,2024,-8.522014396125318,122.08131997370761,2.546211537609272,1.374994108933338,5.537878800747897,3.800007962327383,20.0,1.273105768804636,Akresi,SINTETIS - PURWARUPA
S299,2026,-8.522014396125318,122.08131997370761,4.045441754049114,1.8295519013247672,4.479751149833131,3.800007962327383,20.0,2.022720877024557,Akresi,SINTETIS - PURWARUPA
S300,2020,-8.521787413715932,122.08144524597532,-6.203601619408781,2.093419999540437,6.195123774278573,1.5214547244972314,251.6675422748084,-3.1018008097043905,Abrasi,SINTETIS - PURWARUPA
S300,2022,-8.521787413715932,122.08144524597532,1.1777218222160415,0.5,6.379664311605255,1.5214547244972314,251.6675422748084,0.5888609111080207,Akresi,SINTETIS - PURWARUPA
S300,2024,-8.521787413715932,122.08144524597532,0.7832356046730503,1.7994430893286293,4.44313849514627,1.5214547244972314,251.6675422748084,0.3916178023365251,Stabil,SINTETIS - PURWARUPA
S300,2026,-8.521787413715932,122.08144524597532,-0.0760966140672814,1.696160712059752,4.963043634152222,1.5214547244972314,251.6675422748084,-0.0380483070336407,Stabil,SINTETIS - PURWARUPA
